8333333
190708540886624	190708569169488	190708542682718
190708549312874	190708577639593	190708551122145
190708558640738	190708586120738	190708560442093
190708567020947	190708594595166	190708568864384
190708575901051	190708602982561	190708577691520
190708584159905	190708611440165	190708585820426
190708592438134	190708620084749	190708594199749
190708601247613	190708628360426	190708602935478
190708609340113	190708636815322	190708611115582
190708618029749	190708645274228	190708619685947
190708626211572	190708653735113	190708628047405
190708634963551	190708662180895	190708636649645
190708643336624	190708670637353	190708645093186
190708652505582	190708679094697	190708654163707
190708660252770	190708687553707	190708661947405
190708668626155	190708696208290	190708670375582
190708677414645	190708704531311	190708679252145
190708685531155	190708712987874	190708687257613
190708694158134	190708721450426	190708695803395
190708702923499	190708729921311	190708704280686
190708711198186	190708738333134	190708713012770
190708719194280	190708746861207	190708721028499
190708728556676	190708755235686	190708729673915
190708736774905	190708763697197	190708737846051
190708742863447	190708772140478	190708744703238
190708751481103	190708780589020	190708752740790
190708759135009	190708789052978	190708760965790
190708769230061	190708797508603	190708771090895
190708779090530	190708805961988	190708780889228
190708787027249	190708814423603	190708788823551
190708795595947	190708822875999	190708797416832
190708803824957	190708831330634	190708805619436
190708812511832	190708839796572	190708814302509
190708821022770	190708848539332	190708822789905
190708829406363	190708856710999	190708831190217
190708837908186	190708865174905	190708839717822
190708846158811	190708873621363	190708847943342
190708854566311	190708882075582	190708856385165
190708863021520	190708890531207	190708864909957
190708871214749	190708898994853	190708872981103
190708880204853	190708907437717	190708881821624
190708888735634	190708915897353	190708890504697
190708897403655	190708924363238	190708899185270
190708905647770	190708932814072	190708907391624
190708913698030	190708941265478	190708915483863
190708922540738	190708949735634	190708924240895
190708930876051	190708958180113	190708932880895
190708939024592	190708966637822	190708940847978
190708947657040	190708975150061	190708949438186
190708956148238	190708983546520	190708957870634
190708964661415	190708992136103	190708966429176
190708973104540	190709000492249	190708974791155
190708981932145	190709008924384	190708983702665
190708989910842	190709017386311	190708991689853
190708998258395	190709025848030	190709000362197
190709006780009	190709034290582	190709008550009
190709015691780	190709042748030	190709017525113
190709023698290	190709051248030	190709025498395
190709032251884	190709059698394	190709033961572
190709040930842	190709068149905	190709042698238
190709049327665	190709076605999	190709051102249
190709057683759	190709085063394	190709059481884
190709066250426	190709093538447	190709068686415
190709075206103	190709102113134	190709076839957
190709083368082	190709110414853	190709084995999
190709091598759	190709118870686	190709093391884
190709100667092	190709127382301	190709101768863
190709108589228	190709135775842	190709110456676
190709116894384	190709144231155	190709118685165
190709125316363	190709152707665	190709127290842
190709133478342	190709161151988	190709135175269
190709142261519	190709169607197	190709144287144
190709151356415	190709178063967	190709152999488
190709159198707	190709186589124	190709160999853
190709167698707	190709194977717	190709169526936
190709176336988	190709203475217	190709177793915
190709185023655	190709211894749	190709186755322
190709192780738	190709220380738	190709194459228
190709201425426	190709228801676	190709203219280
190709209816572	190709237267092	190709211469384
190709218261676	190709245719019	190709220175217
190709227065009	190709254177144	190709228945426
190709235189332	190709262626519	190709236946936
190709243767509	190709271161936	190709245551676
190709252398915	190709279730269	190709254121728
190709260638707	190709288190686	190709262402040
190709269435530	190709296465217	190709271234905
190709277554280	190709304923134	190709279343186
190709285986519	190709313388655	190709287701155
190709294576155	190709321839957	190709296267769
190709303071467	190709330334957	190709304964592
190709311864853	190709338757144	190709313615790
190709320897717	190709347207092	190709321987092
190709328319801	190709355660478	190709329996780
190709337058603	190709364121676	190709338985582
190709345108082	190709372585738	190709346901832
190709353786832	190709381080946	190709355568863
190709362181051	190709389505842	190709363963499
190709370790738	190709397958446	190709372608603
190709379097561	190709406450009	190709380883759
190709387611936	190709414868134	190709389411207
190709395956988	190709423338499	190709397715686
190709404339384	190709431793238	190709406121363
190709412837353	190709440287926	190709414612196
190709421239853	190709448766207	190709423021259
190709430051051	190709457185894	190709431688967
190709438943134	190709465640842	190709440228863
190709446580374	190709474133030	190709448437457
190709455111363	190709482523394	190709456986103
190709463401311	190709490992196	190709465153238
190709472151155	190709499440269	190709473864853
190709480620009	190709507903446	190709482403446
190709489168811	190709516370738	190709490940946
190709498102457	190709524868759	190709499879592
190709506088394	190709533271311	190709507858446
190709514337821	190709541729905	190709516160269
190709522958342	190709550196988	190709524785686
190709530871728	190709558652613	190709532637040
190709539742144	190709567120009	190709541511207
190709548430946	190709575561103	190709550040373
190709556862717	190709584029853	190709558642613
190709565426832	190709592501988	190709567333759
190709573081936	190709600972561	190709574861936
190709582242717	190709609386259	190709583781519
190709590636155	190709617846467	190709592612040
190709598853186	190709626286155	190709600642613
190709607243394	190709634770373	190709609007092


8333333
190709455111363	190709482523394	190709456986103
190709463401311	190709490992196	190709465153238
190709472151155	190709499440269	190709473864853
190709480620009	190709507903446	190709482403446
190709489168811	190709516370738	190709490940946
190709498102457	190709524868759	190709499879592
190709506088394	190709533271311	190709507858446
190709514337821	190709541729905	190709516160269
190709522958342	190709550196988	190709524785686
190709530871728	190709558652613	190709532637040
190709539742144	190709567120009	190709541511207
190709548430946	190709575561103	190709550040373
190709556862717	190709584029853	190709558642613
190709565426832	190709592501988	190709567333759
190709573081936	190709600972561	190709574861936
190709582242717	190709609386259	190709583781519
190709590636155	190709617846467	190709592612040
190709598853186	190709626286155	190709600642613
190709607243394	190709634770373	190709609007092
190709613041884	190709643215738	190709614852196
190709622436415	190709651673655	190709624351728
190709631489436	190709660130478	190709633214748
190709640381676	190709668593759	190709641669176
190709647088342	190709677046051	190709648886103
190709656729957	190709685498967	190709658434071
190709665972717	190709693956467	190709667695738
190709674638551	190709702423915	190709676351155
190709683052717	190709710870634	190709684808707
190709691530842	190709719325686	190709693261728
190709700169592	190709727786728	190709701839436
190709708356467	190709736340686	190709710032353
190709716930738	190709744759280	190709718659332
190709725413134	190709753157613	190709727130894
190709733809748	190709761617925	190709735535738
190709742302717	190709770066311	190709743927509
190709750768186	190709778532665	190709752497457
190709759544800	190709787131259	190709761114853
190709767765373	190709795437717	190709769417196
190709775992717	190709803898238	190709777726675
190709785045790	190709812367509	190709786782040
190709793345217	190709820822821	190709795134228
190709801792144	190709829278030	190709803525530
190709809893134	190709837737300	190709811513290
190709818762353	190709846195061	190709820485269
190709827152873	190709854697040	190709828848863
190709835819592	190709863136936	190709837505113
190709844079957	190709871566519	190709845703238
190709852516207	190709880229332	190709854299123
190709861039280	190709888526571	190709862764905
190709869679019	190709896953186	190709871324957
190709877783550	190709905396415	190709879496103
190709886134540	190709913860790	190709887851415
190709894679488	190709922341780	190709896447665
190709903257769	190709930777144	190709905002769
190709911781155	190709939230113	190709913397092
190709919980790	190709947689175	190709921701884
190709928426936	190709956197509	190709930159852
190709937030634	190709964600582	190709938737769
190709945290061	190709973056050	190709947020009
190709953696415	190709981520842	190709955441571
190709962161363	190709989977977	190709963896675
190709971072873	190709998583550	190709972819696
190709979265894	190710006884175	190709981003863
190709987953863	190710015344384	190709989692613
190709996456311	190710023802665	190709998192196
190710004782248	190710032278134	190710006532248
190710013218967	190710040714280	190710014947925
190710021578446	190710049174227	190710023298707
190710029897300	190710057664957	190710031600165
190710038471623	190710066225321	190710040347613
190710047858655	190710074571727	190710048804175
190710055233811	190710083030634	190710056973394
190710063777561	190710091527977	190710065488030
190710072306988	190710099985373	190710073946363
190710080943082	190710108603863	190710082638134
190710089374280	190710116906050	190710091101623
190710097894644	190710125411519	190710099686519
190710106408811	190710133782300	190710108206102
190710114915998	190710142239644	190710116685998
190710123111675	190710150718029	190710124958446
190710131860790	190710159145738	190710134119123
190710140576259	190710167620269	190710142378029
190710148123186	190710176147769	190710149886415
190710157995165	190710184599852	190710159678759
190710165488863	190710193051259	190710167260582
190710173860998	190710201451415	190710175531311
190710182674071	190710209923654	190710184506571
190710190783498	190710218446467	190710192686832
190710199464592	190710226831675	190710201173446
190710208327248	190710235280009	190710209904436
190710216539332	190710243786571	190710218306467
190710224747404	190710252171363	190710226497873
190710233401779	190710260622144	190710235179488
190710242577092	190710269112404	190710244346363
190710249351363	190710277611936	190710251444123
190710258586154	190710286075686	190710260246832
190710266809227	190710294517613	190710268690269
190710275309019	190710302959384	190710277064019
190710283824540	190710311413811	190710285649071
190710292506675	190710319861050	190710294169332
190710301058342	190710328417977	190710302838707
190710309361884	190710336790998	190710311209852
190710317860582	190710345333342	190710319592040
190710326735998	190710353700477	190710328686415
190710334901623	190710362264019	190710336940790
190710342867352	190710370703134	190710344622561
190710351433967	190710379076571	190710353215061
190710360330269	190710387546727	190710362054488
190710369216206	190710395994071	190710370413550
190710377435686	190710404454227	190710379280373
190710385606831	190710412909956	190710387406050
190710393938342	190710421455581	190710395878446
190710402728550	190710429881050	190710404688967
190710411069175	190710438295894	190710412843498
190710419337769	190710446837665	190710421070634
190710428208081	190710455226259	190710429990998
190710436754696	190710463643602	190710438485373
190710444966259	190710472265634	190710446717144
190710453382404	190710480597144	190710455162248
190710461453498	190710489055998	190710463159384
190710470065477	190710497509852	190710471875321
190710478443550	190710505958602	190710480391779
190710487085790	190710514394488	190710488872196
190710495384227	190710522879488	190710497170529
190710503856988	190710531332196	190710505626311
190710512603759	190710539779279	190710514319384
190710521426831	9223372036854775807	190710523167352


8333333
190710351433967	190710379076571	190710353215061
190710360330269	190710387546727	190710362054488
190710369216206	190710395994071	190710370413550
190710377435686	190710404454227	190710379280373
190710385606831	190710412909956	190710387406050
190710393938342	190710421455581	190710395878446
190710402728550	190710429881050	190710404688967
190710411069175	190710438295894	190710412843498
190710419337769	190710446837665	190710421070634
190710428208081	190710455226259	190710429990998
190710436754696	190710463643602	190710438485373
190710444966259	190710472265634	190710446717144
190710453382404	190710480597144	190710455162248
190710461453498	190710489055998	190710463159384
190710470065477	190710497509852	190710471875321
190710478443550	190710505958602	190710480391779
190710487085790	190710514394488	190710488872196
190710495384227	190710522879488	190710497170529
190710503856988	190710531332196	190710505626311
190710512603759	190710539779279	190710514319384
190710521426831	190710548358654	190710523167352
190710529151206	190710556674904	190710530863706
190710537752040	190710565136206	190710539145373
190710544184696	190710573594488	190710545968863
190710552582092	190710582054227	190710554348654
190710561428342	190710590520008	190710563120738
190710571254488	190710598973342	190710572957092
190710579616467	190710607431415	190710581322404
190710588090425	190710615893602	190710589900008
190710596583446	190710624357665	190710598309696
190710604885581	190710632808394	190710606618290
190710613550581	190710641262769	190710615408342
190710621774331	190710649718863	190710623725790
190710630473029	190710658267300	190710632445373
190710639232977	190710666640894	190710640863498
190710646933602	190710675097821	190710648746206
190710655377404	190710683555373	190710657092977
190710664201519	190710692074175	190710665833706
190710672455008	190710700472873	190710674177248
190710681531206	190710708967040	190710682684383
190710689988342	190710717427300	190710691738811
190710698314488	190710725880894	190710700077144
190710706807352	190710734329331	190710708480165
190710715121519	190710742759019	190710716942196
190710723456467	190710751218550	190710725176415
190710732332404	190710759676571	190710734049019
190710740470217	190710768170790	190710742191206
190710748924800	190710776634488	190710750652300
190710757469540	190710785080217	190710759159331
190710766646050	190710793507873	190710767753758
190710774296519	190710801976206	190710776142144
190710783352248	190710810426988	190710784704800
190710791445269	190710818878238	190710793207977
190710799482977	190710827369123	190710801222821
190710808091883	190710835794696	190710809731415
190710817458342	190710844265425	190710818613342
190710825429019	190710852719956	190710827120842
190710833615477	190710861179800	190710835285633
190710841894435	190710869638185	190710843634488
190710850651571	190710878096050	190710852373290
190710859291831	190710886541623	190710861027508
190710867644279	190710895007196	190710869064227
190710875863810	190710903470842	190710877610685
190710884280738	190710911929331	190710885937040
190710893028810	190710920387925	190710894758394
190710901269592	190710928851727	190710902980425
190710909736883	190710937306988	190710911447925
190710918079175	190710945770008	190710919913967
190710926520321	190710954216571	190710928248290
190710934945946	190710962671675	190710936559123
190710943532560	190710971132456	190710945281988
190710953024644	190710979623498	190710954117300
190710960462769	190710988065842	190710962172508
190710968493290	190710996524435	190710970174748
190710977214748	190711004969800	190710978922404
190710985464644	190711013434123	190710987189696
190710994184123	190711021912560	190710995904071
190711001648967	190711030383758	190711003423810
190711009022717	190711038878602	190711010760165
190711019425008	190711047340790	190711021152456
190711028278758	190711055748706	190711029910842
190711036613810	190711064242977	190711038365842
190711045181987	190711072677560	190711046970112
190711053405790	190711081137352	190711055162612
190711062204800	190711089585477	190711063719175
190711070265112	190711098050529	190711072330008
190711079341519	190711106510060	190711081051727
190711087645425	190711114969487	190711089809956
190711095725529	190711123430842	190711097510790
190711104781935	190711131877352	190711106447092
190711112941623	190711140382404	190711114727665
190711121226050	190711148843602	190711122967821
190711129977300	190711157491571	190711131704227
190711138192612	190711165718185	190711140054071
190711146590894	190711174193602	190711148372873
190711155548967	190711182602873	190711157305633
190711163572456	190711191143342	190711165243029
190711172811831	190711199546467	190711174248602
190711180515737	190711208299175	190711182228133
190711189200373	190711216434383	190711190977665
190711197908810	190711224924696	190711199732352
190711206063862	190711233448342	190711207782196
190711214003758	190711241876727	190711215711571
190711221182144	190711250293185	190711222989019
190711232301102	190711258776727	190711233342821
190711239708550	190711267209123	190711241498914
190711248232821	190711275672144	190711250009800
190711256794696	190711284225685	190711258617612
190711265217300	190711292588758	190711267009279
190711273709904	190711301046050	190711275728394
190711282084539	190711309547300	190711283885060
190711290650112	190711318050737	190711292373654
190711298727612	190711326429279	190711300483081
190711307650789	190711334933289	190711309412456
190711315930060	190711343353967	190711317697456
190711324274852	190711351800217	190711325967769
190711332717039	190711360268185	190711334503498
190711341524071	190711368738446	190711343236727
190711349329331	190711377386571	190711351109435
190711358233550	190711385645894	190711359995842
190711366443394	190711394158498	190711368431310
190711374813498	190711402567873	190711376593706
190711383378862	190711411027612	190711385144279
190711392723706	190711419478237	190711394443654
190711400768133	190711427928133	190711402848550
190711409149696	190711436369748	190711410897456
190711417202300	190711444851102	190711418624227


8333333
190711256794696	190711284225685	190711258617612
190711265217300	190711292588758	190711267009279
190711273709904	190711301046050	190711275728394
190711282084539	190711309547300	190711283885060
190711290650112	190711318050737	190711292373654
190711298727612	190711326429279	190711300483081
190711307650789	190711334933289	190711309412456
190711315930060	190711343353967	190711317697456
190711324274852	190711351800217	190711325967769
190711332717039	190711360268185	190711334503498
190711341524071	190711368738446	190711343236727
190711349329331	190711377386571	190711351109435
190711358233550	190711385645894	190711359995842
190711366443394	190711394158498	190711368431310
190711374813498	190711402567873	190711376593706
190711383378862	190711411027612	190711385144279
190711392723706	190711419478237	190711394443654
190711400768133	190711427928133	190711402848550
190711409149696	190711436369748	190711410897456
190711417202300	190711444851102	190711418624227
190711423859800	190711453288862	190711425724227
190711432883394	190711461770998	190711434611623
190711442416050	190711470215737	190711443845841
190711450805841	190711478672664	190711452441675
190711459023237	190711487133966	190711460701987
190711467751623	190711495590164	190711469516362
190711476354852	190711504124331	190711478072196
190711484947716	190711512507873	190711486667716
190711493220164	190711520962716	190711494937144
190711501585216	190711529425269	190711503313029
190711509950373	190711537879956	190711511664019
190711518563966	190711546342352	190711520301154
190711527057716	190711554828237	190711528747404
190711535479175	190711563256466	190711537203810
190711543936831	190711571713550	190711545647352
190711552589227	190711580178862	190711554312769
190711560977977	190711588755008	190711562675841
190711570223446	190711597095894	190711571396206
190711578051623	190711605554279	190711579841883
190711586710529	190711614015894	190711588411623
190711594692248	190711622553185	190711596433394
190711603889591	190711630972352	190711604940425
190711611762248	190711639431727	190711613472300
190711620865477	190711647860581	190711622605633
190711628906206	190711656310373	190711630661466
190711637274331	190711664811831	190711639022091
190711645774331	190711673266310	190711647518446
190711654147716	190711681711571	190711655883029
190711662545946	190711690154539	190711664398185
190711671161831	190711698616466	190711672920841
190711679500737	190711707071779	190711681298550
190711688334904	190711715524904	190711689686518
190711696614435	190711723992143	190711698381779
190711704986050	190711732444696	190711706737456
190711713410216	190711740912143	190711715143602
190711721959904	190711749371727	190711723699643
190711730289331	190711757825633	190711732135685
190711738958081	190711766289904	190711740590946
190711746961310	190711774783862	190711748700893
190711756409800	190711783280529	190711757426258
190711763872768	190711791694904	190711765722143
190711772500373	190711800225216	190711774246414
190711780992768	190711808619956	190711782703498
190711789470633	190711817055893	190711791200841
190711798858758	190711825511050	190711799824591
190711805639279	190711833976675	190711807392300
190711814674071	190711842437873	190711816474956
190711823304071	190711850933289	190711825018133
190711832789383	190711859362873	190711833485112
190711840872248	190711867852977	190711841940060
190711848458393	190711876457091	190711850099071
190711857318654	190711884794123	190711859127039
190711865852248	190711893198445	190711867628810
190711874297560	190711901674175	190711876139956
190711882639748	190711910134279	190711884397977
190711891478862	190711918806102	190711893253602
190711899650008	190711927049591	190711901467873
190711908771310	190711935522977	190711909904643
190711916557716	190711943982977	190711918391310
190711925174852	190711952434956	190711926978758
190711933505164	190711960934852	190711935318289
190711941964227	190711969365633	190711943825945
190711950693654	190711977825893	190711952652039
190711959185841	190711986280581	190711961130529
190711966754852	190711994734331	190711968605320
190711975861206	190712003205998	190711977082195
190711984782143	190712011656414	190711986624539
190711993471414	190712020142977	190711995241414
190712001610945	190712028580581	190712003386935
190712010166570	190712037048758	190712011983550
190712018897300	190712045500008	190712020113445
190712027810998	190712053967925	190712028749123
190712035619539	190712062429643	190712037411779
190712043922248	190712070903445	190712045147143
190712052123706	190712079388810	190712053909539
190712060883081	190712087819383	190712062772352
190712069465164	190712096352300	190712071241258
190712078418498	190712104728914	190712080301935
190712086860320	190712113187716	190712088864800
190712094476258	190712121644643	190712096428602
190712102576258	190712130197247	190712104439904
190712111029956	190712138579852	190712112870216
190712119718550	190712147049956	190712121540425
190712128261102	190712155516050	190712129939904
190712136891310	190712163953758	190712138795164
190712145267456	190712172456727	190712147209435
190712153769383	190712180922977	190712155560581
190712162757612	190712189430060	190712164544122
190712170308029	190712197808445	190712171980841
190712179348081	190712206303393	190712181132560
190712187413810	190712214719643	190712189226362
190712195769279	190712223184070	190712197587456
190712204452091	190712231644591	190712206241206
190712213128706	190712240180997	190712214934175
190712220863497	190712248691414	190712222686987
190712229919175	190712257023810	190712231786206
190712238548393	190712265556050	190712240403237
190712246559070	190712273943497	190712248586727
190712255106310	190712282453758	190712256928497
190712263955216	190712290907352	190712265542039
190712272782352	190712299351310	190712274583081
190712280926675	190712307796622	190712282800425
190712289086050	190712316249539	190712290865060
190712299007404	190712324731883	190712299761050
190712306084383	190712333145112	190712308323081
190712315258185	190712341597091	190712316418289
190712322554383	9223372036854775807	190712323984070


8333333
190712204452091	190712231644591	190712206241206
190712213128706	190712240180997	190712214934175
190712220863497	190712248691414	190712222686987
190712229919175	190712257023810	190712231786206
190712238548393	190712265556050	190712240403237
190712246559070	190712273943497	190712248586727
190712255106310	190712282453758	190712256928497
190712263955216	190712290907352	190712265542039
190712272782352	190712299351310	190712274583081
190712280926675	190712307796622	190712282800425
190712289086050	190712316249539	190712290865060
190712299007404	190712324731883	190712299761050
190712306084383	190712333145112	190712308323081
190712315258185	190712341597091	190712316418289
190712322554383	190712350058237	190712323984070
190712329593185	190712358530060	190712331490737
190712337799279	190712366972091	190712339497612
190712346892924	190712375445008	190712348328029
190712354461831	190712383899956	190712356237039
190712362992924	190712392360893	190712364764279
190712372226414	190712400826674	190712373899747
190712381327091	190712409281727	190712383008393
190712389936258	190712417744852	190712391637872
190712398421154	190712426205893	190712400407352
190712406899643	190712434703549	190712408711466
190712415272195	190712443154122	190712416994435
190712423694331	190712451620112	190712425394799
190712432332143	190712460083758	190712433947404
190712441092352	190712468505268	190712442835424
190712450200945	190712476968133	190712451953133
190712459483393	190712485427560	190712461206206
190712466519122	190712493907247	190712468264799
190712474589539	190712502350216	190712476392977
190712483150164	190712510818445	190712484876154
190712491581049	190712519278237	190712493312924
190712500217352	190712527731362	190712501877612
190712509261206	190712536185164	190712510983862
190712517203289	190712544694539	190712518959799
190712525357299	190712553156310	190712527066362
190712533993497	190712561608810	190712535743601
190712542417039	190712570070164	190712544296883
190712551291258	190712578523445	190712553001414
190712559299383	190712586956831	190712561007976
190712567765633	190712595419695	190712569509435
190712576339695	190712603886101	190712577776466
190712584831987	190712612356101	190712586568497
190712593178341	190712620803133	190712594931831
190712601855529	190712629298549	190712603464591
190712609924904	190712637748601	190712611668601
190712618423966	190712646208081	190712620207143
190712627039383	190712654640633	190712628770424
190712635447299	190712663097820	190712637161831
190712643882560	190712671569383	190712645606466
190712652563133	190712680020060	190712654328029
190712660975737	190712688482299	190712662726310
190712670800893	190712696943393	190712671904539
190712677278185	190712705413497	190712678944747
190712686500841	190712713863289	190712688318966
190712694622039	190712722323914	190712696368966
190712703131726	190712730793393	190712704845476
190712711641726	190712739249591	190712713363914
190712719977508	190712747709435	190712721712195
190712728773601	190712756168706	190712730520320
190712737362039	190712764634018	190712739021049
190712745439122	190712773127716	190712747199331
190712753542716	190712781582976	190712755276049
190712762297976	190712790046622	190712764092716
190712770972091	190712798511726	190712772673706
190712779271935	190712807192924	190712781011258
190712788050581	190712815419122	190712789589331
190712796192091	190712823880685	190712797849174
190712805573341	190712832376674	190712807553445
190712813863028	190712840867247	190712815053081
190712821974383	190712849266206	190712823761674
190712829999331	190712857726883	190712831751987
190712838538914	190712866191935	190712840733445
190712846910216	190712874648028	190712848682560
190712856204695	190712883121101	190712857238758
190712864720528	190712891569383	190712866505945
190712872479122	190712900090633	190712874272560
190712881432299	190712908542299	190712882596049
190712889620476	190712916952924	190712891268028
190712898946362	190712925409956	190712900395581
190712907442560	190712933874278	190712908914383
190712915621622	190712942498706	190712916725164
190712923187560	190712950851153	190712925002351
190712931801935	190712959461466	190712933621206
190712940664851	190712967740008	190712942739956
190712949037976	190712976258914	190712950821987
190712957846258	190712984688237	190712959033601
190712965781987	190712993143237	190712967591831
190712974514955	190713001572872	190712976616362
190712982919018	190713010040216	190712984815737
190712991426153	190713018526935	190712993294955
190712999593862	190713026958133	190713001406466
190713007924226	190713035462716	190713010034955
190713016834330	190713043903185	190713018602664
190713025653133	190713052429122	190713027171466
190713033611310	190713060849539	190713035425060
190713041838549	190713069255060	190713043677612
190713049895580	190713077718862	190713051736518
190713058276205	190713086178601	190713060218810
190713067359278	190713094812403	190713069350580
190713075520476	190713103123862	190713077388862
190713084822247	190713111619278	190713086584435
190713094254539	190713120043601	190713096310216
190713099919799	190713128539122	190713101758862
190713107628497	190713137115945	190713109461518
190713118242664	190713145387560	190713119448341
190713126475685	190713153909070	190713128323341
190713134996362	190713162314695	190713136737924
190713143470372	190713170820008	190713145231258
190713152195945	190713179263393	190713153917455
190713160622299	190713187736570	190713162457247
190713169031101	190713196193653	190713170840008
190713177357403	190713204622664	190713179153810
190713185575424	190713213083862	190713187382508
190713194088549	190713221545320	190713195872039
190713202759278	190713230009122	190713204401362
190713211004903	190713238642872	190713212816362
190713219362924	190713246933705	190713221118862
190713227790945	190713255422143	190713229557976
190713236496049	190713263848185	190713238271466
190713245097924	190713272328341	190713246878914
190713253158601	190713280782091	190713254959435
190713261386153	190713289248757	190713263120893
190713269053705	9223372036854775807	190713270465112


8333333
190713094254539	190713120043601	190713096310216
190713099919799	190713128539122	190713101758862
190713107628497	190713137115945	190713109461518
190713118242664	190713145387560	190713119448341
190713126475685	190713153909070	190713128323341
190713134996362	190713162314695	190713136737924
190713143470372	190713170820008	190713145231258
190713152195945	190713179263393	190713153917455
190713160622299	190713187736570	190713162457247
190713169031101	190713196193653	190713170840008
190713177357403	190713204622664	190713179153810
190713185575424	190713213083862	190713187382508
190713194088549	190713221545320	190713195872039
190713202759278	190713230009122	190713204401362
190713211004903	190713238642872	190713212816362
190713219362924	190713246933705	190713221118862
190713227790945	190713255422143	190713229557976
190713236496049	190713263848185	190713238271466
190713245097924	190713272328341	190713246878914
190713253158601	190713280782091	190713254959435
190713261386153	190713289248757	190713263120893
190713269053705	190713297723341	190713270465112
190713276849226	190713306168445	190713278665060
190713286026257	190713314665893	190713287760737
190713293699278	190713323125945	190713294980060
190713301964591	190713331591362	190713303734330
190713310485685	190713340058653	190713312288653
190713320376987	190713348488341	190713322052039
190713330218653	190713356941778	190713331360320
190713337735268	190713365394435	190713339777039
190713345723705	190713373868185	190713347444591
190713354695997	190713382325737	190713356422664
190713363070320	190713390787299	190713364697976
190713371674955	190713399251518	190713373412924
190713380061466	190713407705789	190713381624330
190713388562195	190713416184330	190713390233601
190713397055216	190713424634799	190713398772507
190713404819122	190713433095476	190713406528705
190713413982299	190713441551414	190713415706726
190713422636987	190713450021830	190713424032612
190713430814799	190713458487559	190713432538914
190713439205684	190713466950528	190713440934018
190713447799799	190713475407091	190713449524487
190713456320684	190713483871726	190713457884070
190713464879539	190713492363393	190713466601518
190713473263289	190713500825841	190713475039174
190713482371830	190713509254851	190713483587039
190713489534747	190713517716257	190713491272507
190713498186830	190713526176570	190713499944799
190713506962976	190713534633393	190713508715841
190713515378341	190713543098757	190713517111934
190713524266622	190713551583184	190713525849434
190713532410372	190713560028809	190713534125789
190713541212039	190713568502976	190713542385580
190713549413132	190713576975112	190713551173184
190713557186987	190713585396205	190713558969070
190713566123549	190713593862872	190713567859851
190713574744851	190713602328393	190713576477924
190713583142247	190713610785424	190713584831257
190713591519434	190713619373653	190713593262872
190713600257872	190713627709851	190713601821622
190713608799851	190713636267507	190713610584278
190713617025789	190713644644851	190713618774330
190713625183080	190713653125007	190713626940476
190713634425007	190713661546986	190713636212455
190713643470424	190713670009955	190713644516674
190713651256101	190713678469799	190713652331934
190713659924174	190713686936309	190713661032299
190713667915111	190713695387664	190713669676309
190713676503132	190713703848080	190713678247455
190713684753393	190713712308653	190713686503132
190713693239955	190713720766674	190713694995059
190713701639695	190713729231934	190713703349903
190713710785632	190713737691934	190713711900841
190713718536882	190713746153861	190713720357403
190713727194278	190713754615841	190713728910580
190713735359799	190713763093132	190713737054486
190713744203497	190713771553341	190713745873445
190713752557247	190713780049695	190713754281934
190713760133393	190713788492039	190713761878236
190713769471049	190713796926570	190713771251101
190713777623028	190713805380372	190713779403966
190713786203705	190713813817091	190713787972351
190713794446726	190713822348757	190713796222039
190713803039278	190713830807091	190713804833184
190713811920893	190713839224955	190713813662195
190713821011101	190713847704122	190713822036049
190713829453132	190713856137091	190713830574799
190713837145216	190713864741309	190713839019955
190713845576361	190713873056101	190713847272455
190713853997820	190713881509382	190713855663288
190713861631778	190713889983497	190713863433132
190713870935736	190713898443966	190713873149486
190713879646309	190713907134174	190713881440372
190713888505684	190713915354851	190713889629434
190713896394538	190713923831466	190713898188288
190713905163184	190713932273393	190713907551309
190713912960320	190713940806726	190713914761466
190713921919695	190713949199070	190713923074955
190713930907663	190713957710580	190713932755788
190713939139955	190713966424018	190713941073445
190713947045893	190713974685632	190713948853861
190713956046830	190713983035841	190713957700684
190713963639851	190713991501413	190713965429747
190713972507143	190713999958445	190713974251622
190713980474434	190714008486778	190713982242611
190713989460059	190714016957716	190713991237091
190713997334747	190714025374018	190713999260372
190714005919070	190714033851257	190714007691934
190714015909382	190714042253028	190714017697872
190714023026153	190714050709747	190714024845997
190714031817403	190714059215945	190714033649903
190714039881986	190714067634278	190714041668132
190714048964278	190714076145476	190714050766413
190714057589018	190714084528549	190714059427716
190714065787507	190714092998705	190714067604226
190714073816049	190714101587924	190714075717299
190714081595215	190714109906465	190714083305059
190714090849903	190714118372507	190714092689122
190714099477507	190714126830111	190714101363965
190714107985215	190714135305163	190714109799174
190714116359747	190714143771674	190714118157820
190714124326622	190714152262247	190714126059018
190714133036622	190714160654278	190714135193236
190714143000632	190714169108861	190714145070997
190714149378913	190714177577976	190714151202403
190714159516726	9223372036854775807	190714160558705


8333333
190713972507143	190713999958445	190713974251622
190713980474434	190714008486778	190713982242611
190713989460059	190714016957716	190713991237091
190713997334747	190714025374018	190713999260372
190714005919070	190714033851257	190714007691934
190714015909382	190714042253028	190714017697872
190714023026153	190714050709747	190714024845997
190714031817403	190714059215945	190714033649903
190714039881986	190714067634278	190714041668132
190714048964278	190714076145476	190714050766413
190714057589018	190714084528549	190714059427716
190714065787507	190714092998705	190714067604226
190714073816049	190714101587924	190714075717299
190714081595215	190714109906465	190714083305059
190714090849903	190714118372507	190714092689122
190714099477507	190714126830111	190714101363965
190714107985215	190714135305163	190714109799174
190714116359747	190714143771674	190714118157820
190714124326622	190714152262247	190714126059018
190714133036622	190714160654278	190714135193236
190714143000632	190714169108861	190714145070997
190714149378913	190714177577976	190714151202403
190714159516726	190714186041518	190714160558705
190714167386309	190714194493080	190714168583497
190714173557820	190714202953809	190714175359955
190714181565163	190714211404695	190714183379018
190714190068497	190714219881153	190714191827090
190714198626934	190714228343445	190714200402820
190714208406101	190714236839278	190714210058288
190714217486465	190714245291570	190714219200736
190714225847715	190714253749226	190714227568080
190714234540788	190714262211570	190714236228653
190714242684382	190714270677820	190714244435736
190714251125163	190714279134330	190714252865320
190714260664590	190714287586934	190714262404018
190714269533965	190714296092559	190714271296830
190714277256049	190714304469851	190714278975893
190714285758392	190714312925476	190714287159538
190714292762976	190714321384382	190714294600372
190714302160788	190714329995007	190714303930580
190714310611986	190714338345320	190714312220684
190714318965528	190714346838340	190714320765945
190714327860267	190714355283392	190714329629330
190714336391622	190714363705007	190714338123288
190714345065632	190714372370997	190714346824642
190714353560892	190714380588445	190714355365320
190714361621517	190714389052142	190714363427976
190714369704538	190714397515528	190714371469226
190714378420684	190714406176986	190714380213549
190714386535320	190714414427611	190714388333080
190714396449747	190714422882715	190714397464538
190714403995424	190714431345476	190714405797038
190714412564330	190714439803861	190714413661413
190714420453757	190714448389851	190714422074695
190714429569226	190714456722299	190714431435059
190714438247299	190714465210163	190714439884955
190714446453288	190714473646830	190714447620632
190714454619382	190714482129122	190714456399695
190714462984226	190714490640320	190714464840788
190714471812455	190714499051153	190714473566465
190714480083028	190714507465944	190714481850163
190714488934590	190714515926153	190714490718861
190714497195059	190714524426049	190714499224122
190714505295267	190714532849642	190714507111934
190714512959747	190714541299590	190714514762767
190714521468392	190714549768549	190714523264799
190714530294330	190714558219174	190714532156153
190714538881986	190714566961049	190714540657872
190714548316986	190714575171882	190714549971049
190714556990840	190714583594122	190714558253653
190714564636622	190714592200632	190714566390267
190714573592038	190714600517976	190714575358392
190714581821778	190714609165163	190714583656049
190714590013028	190714617427403	190714591811465
190714598688444	190714625911830	190714600475997
190714607341778	190714634347507	190714608806934
190714615449226	190714642797299	190714617246413
190714623956309	190714651277507	190714625776153
190714632905736	190714659757455	190714634701465
190714641104434	190714668217767	190714642952038
190714649976674	190714676647455	190714651176101
190714657122299	190714685094122	190714658975267
190714665294799	190714693557194	190714667090424
190714674220684	190714702013288	190714676062872
190714684464747	190714710508497	190714684975319
190714690542142	190714718931674	190714692447611
190714698429434	190714727392663	190714700290111
190714707735424	190714735851778	190714709514590
190714717731569	190714744308288	190714718800215
190714725532507	190714752768392	190714727338601
190714733964278	190714761227090	190714735745736
190714742568340	190714769688444	190714744435267
190714751588496	190714778156361	190714752673757
190714759155111	190714786664851	190714760947767
190714767388496	190714795059538	190714769082403
190714776404799	190714803522767	190714777348132
190714784802507	190714811981361	190714786585007
190714793186830	190714820449955	190714794974746
190714801017299	190714828948392	190714802812194
190714808823549	190714837481517	190714810581257
190714817669278	190714845826621	190714819460788
190714826348028	190714854313549	190714828161621
190714835208184	190714862777455	190714837006153
190714843849278	190714871270476	190714845760371
190714851992038	190714879702871	190714853790944
190714860457299	190714888252715	190714862255111
190714868528444	190714896638496	190714870306465
190714876838496	190714905070476	190714878659799
190714885522142	190714913501257	190714887327142
190714894707194	190714921957767	190714896485996
190714903359434	190714930504955	190714905108236
190714911327142	190714938871621	190714913110319
190714919942871	190714947330215	190714921737715
190714928767038	190714955823913	190714930649174
190714937505059	190714964295476	190714939215059
190714945402090	190714972710788	190714947208965
190714953257090	190714981174851	190714955014590
190714962422611	190714989697819	190714964219642
190714971295684	190714998140580	190714972436569
190714979159173	190715006621778	190714980984538
190714987552403	190715015004486	190714989326986
190714996247142	190715023498184	190714997951934
190715005295319	190715031972611	190715006535892
190715013218236	190715040374121	190715015029642
190715021501882	190715048824694	190715023319851
190715030068028	190715057311517	190715032329590
190715038647715	9223372036854775807	190715040516934


8333333
190714876838496	190714905070476	190714878659799
190714885522142	190714913501257	190714887327142
190714894707194	190714921957767	190714896485996
190714903359434	190714930504955	190714905108236
190714911327142	190714938871621	190714913110319
190714919942871	190714947330215	190714921737715
190714928767038	190714955823913	190714930649174
190714937505059	190714964295476	190714939215059
190714945402090	190714972710788	190714947208965
190714953257090	190714981174851	190714955014590
190714962422611	190714989697819	190714964219642
190714971295684	190714998140580	190714972436569
190714979159173	190715006621778	190714980984538
190714987552403	190715015004486	190714989326986
190714996247142	190715023498184	190714997951934
190715005295319	190715031972611	190715006535892
190715013218236	190715040374121	190715015029642
190715021501882	190715048824694	190715023319851
190715030068028	190715057311517	190715032329590
190715038647715	190715065800371	190715040516934
190715046658340	190715074217611	190715048403028
190715055118184	190715082688392	190715057125319
190715062045944	190715091139330	190715063410423
190715069859434	190715099593392	190715071674694
190715079218288	190715108056934	190715080949851
190715089220840	190715116608809	190715090995371
190715097735528	190715124977507	190715099489798
190715105902194	190715133431517	190715107663392
190715114395319	190715141900371	190715116142142
190715123191778	190715150477715	190715124426986
190715131172194	190715158819486	190715132934903
190715139984173	190715167364225	190715141751726
190715147890059	190715175710215	190715149647246
190715156772350	190715184182559	190715158585684
190715165350319	190715192661986	190715167044642
190715173675163	190715201106778	190715175398548
190715181887767	190715209573132	190715183603809
190715190193705	190715218056569	190715191874121
190715198781153	190715226486205	190715200692246
190715208395111	190715234943132	190715209085528
190715215662871	190715243451830	190715217394382
190715224414486	190715251902923	190715226128653
190715233016309	190715260322975	190715234757090
190715241537611	190715268786673	190715243292246
190715249581673	190715277242715	190715251354330
190715257888705	190715285730371	190715259610475
190715266659642	190715294158444	190715268406882
190715275181361	190715302619382	190715276935163
190715283480840	190715311083132	190715285225944
190715291948288	190715319540528	190715293662767
190715300581778	190715328042923	190715302366048
190715308866725	190715336465475	190715310553444
190715317458705	190715344960632	190715319200371
190715325804121	190715353386986	190715327535215
190715334188080	190715361926725	190715335970423
190715342670267	190715370362507	190715344273444
190715351102403	190715378798861	190715352858080
190715359693340	190715387216361	190715361756361
190715368237923	190715395721309	190715369892246
190715376896517	190715404197715	190715378657559
190715385428496	190715412646986	190715387090632
190715393486673	190715421097298	190715395226517
190715402754902	190715429547663	190715404520736
190715410599850	190715437980736	190715412439434
190715418701986	190715446435996	190715420450944
190715427454538	190715454896048	190715429202663
190715436038600	190715463348288	190715437717350
190715444620371	190715471811830	190715446345111
190715452794330	190715480312559	190715454449746
190715461330423	190715488731361	190715463085007
190715469580111	190715497191048	190715471282871
190715478415527	190715505649382	190715480267142
190715486466934	190715514126048	190715488300163
190715495041413	190715522626621	190715496726777
190715503320944	190715531294277	190715505037038
190715511757715	190715539551830	190715513521934
190715521280840	190715548039694	190715523005684
190715528920215	190715556433080	190715530708548
190715537106830	190715564962923	190715538863757
190715545843184	190715573395267	190715547636309
190715554564225	190715581848600	190715556367507
190715563196517	190715590272142	190715565026777
190715571600684	190715598722975	190715573384902
190715579883548	190715607180788	190715581640007
190715588302246	190715615672767	190715590037246
190715596784225	190715624317923	190715598566882
190715605284902	190715632744850	190715607039954
190715613325267	190715641122194	190715615083236
190715621919694	190715649541413	190715623861569
190715630910996	190715658099277	190715632777194
190715639295163	190715666397871	190715641049069
190715647358392	190715674863496	190715649184902
190715656085423	190715683317819	190715657796465
190715664431309	190715691786517	190715666210788
190715673686152	190715700295163	190715674827246
190715681463184	190715708742454	190715683310371
190715689684902	190715717167767	190715691548288
190715698216569	190715725623861	190715700048757
190715706423027	190715734088965	190715708312038
190715715109590	190715742546986	190715716943757
190715723968288	190715751057038	190715725801465
190715732432611	190715759526309	190715734306934
190715740537298	190715767917559	190715742326204
190715748963079	190715776400371	190715750780319
190715757738444	190715784869069	190715759560059
190715766196569	190715793361777	190715767989850
190715774060319	190715801771777	190715775875215
190715783033132	190715810230892	190715784703965
190715790935788	190715818690579	190715792719746
190715799395215	190715827141361	190715801181986
190715807876725	190715835590111	190715809647767
190715816621256	190715844055996	190715818418861
190715825017923	190715852581673	190715826918079
190715834181934	190715860970319	190715835876934
190715842128600	190715869465788	190715843934798
190715850695059	190715877894538	190715852747506
190715858923340	190715886343392	190715860753756
190715867036152	190715894806048	190715868883444
190715875895840	190715903284694	190715877703288
190715884847819	190715911729381	190715886624069
190715892740944	190715920274954	190715894521413
190715901856829	190715928644017	190715903545423
190715910465006	190715937117090	190715911599902
190715918121934	190715945630215	190715919937402
190715927001725	190715954034798	190715928894590
190715935630944	190715962626413	190715936715423
190715944104746	9223372036854775807	190715945707142


8333333
190715774060319	190715801771777	190715775875215
190715783033132	190715810230892	190715784703965
190715790935788	190715818690579	190715792719746
190715799395215	190715827141361	190715801181986
190715807876725	190715835590111	190715809647767
190715816621256	190715844055996	190715818418861
190715825017923	190715852581673	190715826918079
190715834181934	190715860970319	190715835876934
190715842128600	190715869465788	190715843934798
190715850695059	190715877894538	190715852747506
190715858923340	190715886343392	190715860753756
190715867036152	190715894806048	190715868883444
190715875895840	190715903284694	190715877703288
190715884847819	190715911729381	190715886624069
190715892740944	190715920274954	190715894521413
190715901856829	190715928644017	190715903545423
190715910465006	190715937117090	190715911599902
190715918121934	190715945630215	190715919937402
190715927001725	190715954034798	190715928894590
190715935630944	190715962626413	190715936715423
190715944104746	190715970950215	190715945707142
190715951840892	190715979399277	190715953518288
190715959716621	190715987912923	190715961477402
190715966313184	190715996363079	190715968297090
190715974920631	190716004858809	190715976638131
190715984692767	190716013280944	190715986338913
190715994472871	190716021743079	190715996315267
190716002789225	190716030201881	190716004637090
190716011766100	190716038625631	190716012837663
190716019654954	190716047085423	190716021353079
190716028301517	190716055549277	190716029815371
190716036566829	190716064183600	190716038258913
190716045336881	190716072469381	190716047029798
190716053516777	190716080935163	190716055241100
190716062131100	190716089393704	190716063800996
190716070474798	190716097851204	190716072285944
190716078835683	190716106312506	190716080441673
190716087397298	190716114770683	190716089036777
190716095725267	190716123337871	190716097445111
190716104223548	190716131734069	190716105795371
190716112822975	190716140199798	190716114514225
190716121353288	190716148654121	190716122997454
190716129549017	190716157083808	190716131274329
190716138181829	190716165537506	190716139788288
190716146459902	190716174030423	190716148184642
190716154940736	190716182492558	190716156610736
190716163317454	190716190937819	190716165033861
190716172412298	190716199370996	190716173401308
190716180311986	190716207831361	190716181957923
190716188712402	190716216298704	190716190410579
190716197170631	190716224762454	190716198669590
190716205623913	190716233216777	190716207300736
190716214364069	190716241674277	190716215510996
190716222566048	190716250143600	190716224436673
190716230748288	190716258609850	190716232482402
190716239407090	190716267051621	190716241170215
190716247688965	190716275551360	190716249384225
190716256389329	190716283978392	190716257912142
190716264903496	190716292445735	190716266622454
190716273106985	190716300890423	190716274795631
190716281668183	190716309366725	190716283371256
190716290491621	190716317816308	190716292410058
190716299258288	190716326280319	190716301027558
190716307149017	190716334965944	190716308965163
190716315875788	190716343204642	190716317568704
190716324343235	190716351671413	190716326006308
190716332811256	190716360262558	190716334603496
190716341352871	190716368604694	190716343091725
190716349500058	190716377060215	190716351181881
190716358509798	190716385518756	190716360324329
190716366300475	190716393979121	190716368056517
190716374861777	190716402448392	190716376629590
190716383384381	190716410902923	190716385172298
190716392198600	190716419381204	190716393834173
190716400486465	190716427844538	190716402277663
190716409602715	190716436305163	190716411292715
190716418366413	190716444769381	190716419571152
190716426135944	190716453228496	190716427922610
190716434264590	190716461687454	190716436180371
190716442828704	190716470156256	190716444687298
190716451403860	190716478663600	190716453138131
190716459766621	190716487115110	190716461577767
190716468672298	190716495585683	190716470395475
190716477063444	190716504053235	190716478845579
190716484807246	190716512466933	190716486629277
190716494257402	190716520915058	190716495531204
190716502692715	190716529371100	190716504436308
190716510490423	190716537899173	190716512620527
190716518998235	190716546298548	190716520832715
190716527450787	190716554751100	190716528553965
190716536123965	190716563215527	190716538004173
190716545099850	190716571659537	190716546370371
190716553441308	190716580139954	190716555169902
190716561170371	190716588581465	190716563010058
190716569668183	190716597087975	190716571473496
190716578195058	190716605539329	190716580040787
190716586748235	190716614043912	190716588616621
190716594840735	190716622538600	190716596679537
190716603593965	190716630966256	190716605334850
190716612422298	190716639364850	190716614158340
190716620410579	190716647827923	190716622188079
190716629142402	190716656259694	190716631003340
190716637647610	190716664753912	190716639435840
190716646131100	190716673184746	190716648066465
190716654793704	190716681651777	190716656437610
190716663282454	190716690211621	190716665094537
190716671228652	190716698598235	190716673031204
190716679659277	190716707020527	190716681459121
190716689248912	190716715490162	190716691092350
190716696569902	190716723949642	190716698509381
190716705923756	190716732414642	190716707689225
190716713820787	190716740877871	190716715693183
190716721963912	190716749343704	190716723903808
190716730914902	190716757785892	190716732213964
190716739225058	190716766287923	190716740795944
190716748473444	190716774707558	190716750256048
190716755966204	190716783172558	190716757989746
190716764224850	190716791656360	190716765958392
190716772683548	190716800274069	190716774536464
190716781464694	190716808745267	190716782721777
190716789852089	190716817007871	190716791669069
190716798886777	190716825469069	190716800670683
190716806598183	190716833898652	190716808314069
190716814399225	190716842375631	190716816832767
190716823727506	190716850851308	190716825518964
190716831781725	190716859269329	190716833514798
190716839618860	190716867769017	190716841351777


8333333
190716663282454	190716690211621	190716665094537
190716671228652	190716698598235	190716673031204
190716679659277	190716707020527	190716681459121
190716689248912	190716715490162	190716691092350
190716696569902	190716723949642	190716698509381
190716705923756	190716732414642	190716707689225
190716713820787	190716740877871	190716715693183
190716721963912	190716749343704	190716723903808
190716730914902	190716757785892	190716732213964
190716739225058	190716766287923	190716740795944
190716748473444	190716774707558	190716750256048
190716755966204	190716783172558	190716757989746
190716764224850	190716791656360	190716765958392
190716772683548	190716800274069	190716774536464
190716781464694	190716808745267	190716782721777
190716789852089	190716817007871	190716791669069
190716798886777	190716825469069	190716800670683
190716806598183	190716833898652	190716808314069
190716814399225	190716842375631	190716816832767
190716823727506	190716850851308	190716825518964
190716831781725	190716859269329	190716833514798
190716839618860	190716867769017	190716841351777
190716846791100	190716876252350	190716848606881
190716854829902	190716884671152	190716856580735
190716865214694	190716893125371	190716866333912
190716872292819	190716901587714	190716874154746
190716880447454	190716910052923	190716882040683
190716890289277	190716918513235	190716891979433
190716899134329	190716926969069	190716900897610
190716907558600	190716935429641	190716909281933
190716916259381	190716943891725	190716917938808
190716924458079	190716952359225	190716926155891
190716933115058	190716960813339	190716934835058
190716941700891	190716969279121	190716943415266
190716949912766	190716977734069	190716951651829
190716958360319	190716986228964	190716960138183
190716966678912	190716994714537	190716968416360
190716975460996	190717003115891	190716977209850
190716983980735	190717011609694	190716985702766
190716992439537	190717020036569	190716994163391
190717001679589	190717028532819	190717002831256
190717009319589	190717036954641	190717011085162
190717017184173	190717045418548	190717018934277
190717026611569	190717053874902	190717028356725
190717034927506	190717062333964	190717036627037
190717043176725	190717070795527	190717044786621
190717051756725	190717079254589	190717053521621
190717060298652	190717087716569	190717061993235
190717068878183	190717096247246	190717070655162
190717077180371	190717104635423	190717078825579
190717085357871	190717113100787	190717087043183
190717093989433	190717121555214	190717095745162
190717102574485	190717130017141	190717104242923
190717110935058	190717138474693	190717112582819
190717119283860	190717146947506	190717120956256
190717127894121	190717155390891	190717129640266
190717136399433	190717163853027	190717138135683
190717144704121	190717172302141	190717146350371
190717153161204	190717180770371	190717154897454
190717161908079	190717189223496	190717163650058
190717170129850	190717197681621	190717171799016
190717179004850	190717206137714	190717180157766
190717187291048	190717214600006	190717189017350
190717195402714	190717223061360	190717197115683
190717203932871	190717231514641	190717205644693
190717212356829	190717239978704	190717214061204
190717220852766	190717248438600	190717222439589
190717229361568	190717256901464	190717231100475
190717237830683	190717265361308	190717239606152
190717246024850	190717273821152	190717247919225
190717254604589	190717282281256	190717256313964
190717263154121	190717290737454	190717264864068
190717271548287	190717299201256	190717273293339
190717280157089	190717307676881	190717281931985
190717288720006	190717316133652	190717290470527
190717297027558	190717324628391	190717298734277
190717305792350	190717333059902	190717307573808
190717314204173	190717341541308	190717315922975
190717322745527	190717349983600	190717324563860
190717331051516	190717358479381	190717332868964
190717339729381	190717366946673	190717341850683
190717348334433	190717375460318	190717350134485
190717356340162	190717383905318	190717358143600
190717365650579	190717392379745	190717366817454
190717373775735	190717400746933	190717375613391
190717381816881	190717409221256	190717383588600
190717390385318	190717417665110	190717392419277
190717398875839	190717426152402	190717400840839
190717407467923	190717434598339	190717409369277
190717416087454	190717443100683	190717417841985
190717424381152	190717451556777	190717426327766
190717433241516	190717460102298	190717435018495
190717441280370	190717468472662	190717443041100
190717449437454	190717477203652	190717451272454
190717457988912	190717485408808	190717459795995
190717466452923	190717493859433	190717468255006
190717476373443	190717502326777	190717477492037
190717483520943	190717510745162	190717485334277
190717491623079	190717519250423	190717493466777
190717501169693	190717527661308	190717502952870
190717508740475	190717536495943	190717510660162
190717517651933	190717544587558	190717519426933
190717526319485	190717553013079	190717528187558
190717534186829	190717561491308	190717536604329
190717542878339	190717569924641	190717544817870
190717551120006	190717578392037	190717552902506
190717559202454	190717586868287	190717561059797
190717566262870	190717595333339	190717568194068
190717575804797	190717603766464	190717577493756
190717582846829	190717612216829	190717584406360
190717591049433	190717620674485	190717592832402
190717601546464	190717629132245	190717603236100
190717611262193	190717637620787	190717612731412
190717618609120	190717646052818	190717620352506
190717627032350	190717654512454	190717628734016
190717634242818	190717662967454	190717636037506
190717644451464	190717671425370	190717646157037
190717652329016	190717679892766	190717653873183
190717660495266	190717688347610	190717662183808
190717669390162	190717696798339	190717671108339
190717678251985	190717705275006	190717680084277
190717686368027	190717713714120	190717688114902
190717692762975	190717722213652	190717694551933
190717701906047	190717730668131	190717703618547
190717711025527	190717739106360	190717712735162
190717718764225	190717747573131	190717720518079
190717729584277	190717756079485	190717731311308


8333333
190717542878339	190717569924641	190717544817870
190717551120006	190717578392037	190717552902506
190717559202454	190717586868287	190717561059797
190717566262870	190717595333339	190717568194068
190717575804797	190717603766464	190717577493756
190717582846829	190717612216829	190717584406360
190717591049433	190717620674485	190717592832402
190717601546464	190717629132245	190717603236100
190717611262193	190717637620787	190717612731412
190717618609120	190717646052818	190717620352506
190717627032350	190717654512454	190717628734016
190717634242818	190717662967454	190717636037506
190717644451464	190717671425370	190717646157037
190717652329016	190717679892766	190717653873183
190717660495266	190717688347610	190717662183808
190717669390162	190717696798339	190717671108339
190717678251985	190717705275006	190717680084277
190717686368027	190717713714120	190717688114902
190717692762975	190717722213652	190717694551933
190717701906047	190717730668131	190717703618547
190717711025527	190717739106360	190717712735162
190717718764225	190717747573131	190717720518079
190717729584277	190717756079485	190717731311308
190717737153964	190717764470110	190717738437610
190717743918547	190717772971360	190717745382558
190717751698912	190717781391152	190717753474433
190717759903391	190717789851933	190717761699329
190717769011985	190717798312297	190717770697454
190717778803391	190717806962818	190717780528756
190717787139068	190717815224641	190717788798183
190717795906099	190717823685787	190717797621568
190717804414797	190717832158652	190717806090839
190717813304016	190717840619589	190717814997714
190717821337245	190717849104745	190717823042714
190717829995370	190717857520579	190717831679849
190717838187558	190717865977922	190717839984381
190717847183235	190717874442349	190717848873704
190717854880579	190717882995110	190717856553443
190717863248495	190717891400006	190717864902818
190717871997610	190717899856204	190717873823183
190717878325474	190717908310787	190717879743079
190717886724745	190717916761933	190717888513547
190717896622506	190717925212037	190717898128704
190717905835839	190717933665370	190717907630110
190717914065683	190717942146204	190717915718391
190717922777974	190717950582714	190717924423860
190717931030787	190717959048495	190717932691881
190717939639745	190717967499224	190717941414745
190717948233756	190717975964120	190717949796568
190717956631308	190717984422245	190717958219641
190717964868235	190717992882141	190717966480579
190717973315891	190718001406412	190717974963079
190717981847193	190718009870839	190717983504068
190717990429745	190718018390370	190717991869537
190717998658599	190718026744381	190718000308599
190718006993547	190718035229276	190718008681464
190718015806620	190718043665214	190718017510995
190718024446308	190718052120214	190718025811620
190718033756881	190718060568860	190718035430110
190718040763079	190718069026308	190718042425110
190718048879641	190718077488964	190718050680110
190718055727610	190718085945995	190718057470370
190718064562037	190718094404954	190718066058235
190718074306881	190718102865995	190718076042766
190718083739745	190718111327922	190718085284068
190718092041099	190718119785006	190718093691516
190718100730839	190718128286776	190718102499537
190718109182558	190718136829381	190718110947454
190718117876516	190718145162974	190718119106412
190718126563964	190718153622297	190718127672037
190718134645735	190718162079797	190718136330839
190718143036620	190718170599797	190718144862297
190718151685995	190718179065162	190718153419433
190718159923443	190718187460995	190718161686933
190718168812089	190718195917245	190718170375995
190718177346568	190718204476724	190718179145579
190718185419693	190718212927297	190718187182037
190718193897714	190718221302662	190718195707089
190718201968651	190718229760058	190718203718599
190718210659693	190718238223964	190718212548339
190718219286308	190718246683495	190718221014901
190718227661620	190718255140891	190718229440995
190718236216881	190718263612818	190718237964068
190718245523078	190718272141568	190718246638651
190718253150891	190718280533339	190718254923808
190718261487245	190718289021203	190718263251724
190718269852506	190718297451672	190718271609693
190718278315943	190718305910787	190718279988287
190718286922662	190718314374276	190718288678599
190718295480370	190718322841881	190718297257401
190718303798808	190718331297193	190718305585266
190718312547922	190718339762089	190718314418026
190718322123808	190718348299849	190718323945266
190718328100214	190718356682610	190718329845006
190718336428495	190718365145683	190718338130266
190718345554224	190718373612558	190718347310318
190718354443078	190718382067349	190718356251360
190718363068235	190718390524745	190718364863287
190718371867193	190718398985266	190718373567037
190718379927922	190718407447297	190718381561672
190718388819224	190718415909328	190718390549016
190718396631412	190718424369641	190718398420214
190718405481256	190718432827505	190718407305839
190718413587297	190718441332141	190718415332714
190718422284068	190718449773755	190718424244797
190718430643287	190718458259433	190718432410943
190718439144693	190718466670005	190718440973495
190718447858651	190718475124589	190718449619797
190718456533703	190718483594485	190718458189380
190718464451360	190718492042089	190718466256464
190718473428391	190718500498495	190718475266568
190718481512037	190718508966099	190718483299901
190718490105630	190718517421516	190718491899485
190718497933755	190718525987297	190718499706308
190718506941933	190718534384016	190718508804693
190718515392558	190718542896360	190718517122193
190718524894693	190718551253391	190718526015214
190718533059328	190718559708703	190718534795214
190718540871880	190718568301672	190718542665058
190718549239485	190718576690630	190718551023964
190718557695578	190718585132245	190718559416412
190718566226412	190718593696255	190718567756047
190718574635422	190718602041151	190718576409276
190718583878755	190718610458130	190718585573755
190718592401255	190718618915578	190718593402558
190718599913183	190718627384849	190718601684537
190718608245735	9223372036854775807	190718609902922


8333333
190718439144693	190718466670005	190718440973495
190718447858651	190718475124589	190718449619797
190718456533703	190718483594485	190718458189380
190718464451360	190718492042089	190718466256464
190718473428391	190718500498495	190718475266568
190718481512037	190718508966099	190718483299901
190718490105630	190718517421516	190718491899485
190718497933755	190718525987297	190718499706308
190718506941933	190718534384016	190718508804693
190718515392558	190718542896360	190718517122193
190718524894693	190718551253391	190718526015214
190718533059328	190718559708703	190718534795214
190718540871880	190718568301672	190718542665058
190718549239485	190718576690630	190718551023964
190718557695578	190718585132245	190718559416412
190718566226412	190718593696255	190718567756047
190718574635422	190718602041151	190718576409276
190718583878755	190718610458130	190718585573755
190718592401255	190718618915578	190718593402558
190718599913183	190718627384849	190718601684537
190718608245735	190718635848755	190718609902922
190718617114068	190718644324797	190718618847610
190718625793547	190718652765630	190718627240110
190718631901568	190718661225110	190718633190891
190718639881516	190718669678599	190718641648183
190718648205526	190718678135370	190718649826880
190718658963495	190718686633755	190718660521516
190718668154693	190718695105787	190718669192401
190718676062453	190718703518547	190718677566568
190718684542766	190718711975266	190718686279068
190718693022297	190718720478287	190718694746828
190718701518130	190718728928807	190718703266620
190718709333547	190718737392297	190718711080474
190718718111099	190718745830995	190718719741672
190718726712349	190718754278599	190718728326151
190718734870266	190718762771203	190718736676880
190718743697505	190718771193703	190718745448130
190718751680057	190718779655370	190718753206151
190718759876464	190718788124849	190718761644953
190718769006151	190718796589068	190718770742037
190718778249276	190718805032245	190718779376932
190718785871985	190718813490057	190718787606203
190718794212818	190718821997818	190718795959641
190718802646360	190718830497141	190718804382453
190718811187193	190718838906412	190718812918391
190718819672297	190718847349589	190718821383443
190718828759380	190718855814276	190718830566776
190718836743287	190718864315370	190718838508130
190718845237037	190718872726151	190718846973182
190718853730110	190718881171724	190718855313964
190718862120110	190718889623078	190718863769953
190718870386255	190718898082818	190718872291672
190718879022401	190718906538287	190718880766932
190718887491099	190718914998391	190718889227922
190718895870266	190718923466932	190718897579432
190718904418964	190718931919432	190718905983964
190718913008130	190718940460474	190718914751620
190718921380734	190718948840370	190718923109120
190718929838026	190718957307714	190718931584068
190718938052349	190718965817245	190718939762557
190718946790318	190718974231516	190718948417349
190718955256464	190718982689120	190718956824328
190718963508339	190718991155734	190718965229172
190718972208703	190718999621516	190718973862037
190718980562818	190719008261828	190718982303391
190718989885214	190719016540839	190718990604849
190718997472714	190719025000995	190718999217193
190719005771151	190719033465526	190719007475839
190719014274380	190719041927245	190719016153391
190719022741776	190719050525891	190719024409016
190719031143599	190719058850943	190719032811516
190719039752037	190719067319328	190719041376932
190719048551359	190719075765318	190719050156672
190719056780891	190719084233391	190719058543651
190719065290370	190719092696776	190719067171984
190719073289276	190719101159276	190719075134484
190719079951099	190719109651828	190719081668026
190719089127818	190719118069432	190719090974693
190719098668651	190719126546776	190719100401151
190719107771464	190719134998911	190719108933182
190719115389849	190719143452453	190719117113964
190719122421932	190719151914745	190719124545318
190719131866255	190719160373599	190719133521255
190719141126255	190719168913443	190719142813391
190719149446620	190719177316984	190719151147818
190719157725474	190719185745734	190719159432089
190719166543703	190719194208234	190719168487766
190719174845370	190719202661776	190719176551099
190719183180891	190719211119432	190719184855578
190719191807557	190719219576047	190719193518443
190719200555266	190719228042401	190719202270005
190719208968651	190719236490370	190719210659901
190719217268495	190719244963286	190719218977766
190719225978234	190719253449953	190719227651516
190719234236724	190719261910526	190719235920318
190719242985266	190719270367349	190719244713547
190719251754224	190719278835109	190719252841151
190719260066307	190719287282818	190719261564849
190719268307036	190719295771828	190719269958651
190719276925005	190719304230682	190719278661151
190719285107141	190719312710266	190719286376307
190719293196776	190719321118963	190719294904276
190719302334328	190719329542661	190719303980891
190719310475474	190719338014953	190719312299901
190719318946880	190719346488182	190719320729016
190719327482141	190719354983495	190719329199016
190719336275318	190719363377193	190719337836516
190719344648547	190719371833599	190719346377036
190719352981203	190719380293182	190719354682036
190719361461203	190719388756463	190719363219693
190719370009120	190719397216672	190719371726620
190719378140526	190719405671359	190719379773963
190719386687349	190719414131203	190719388408078
190719394991047	190719422617193	190719396815161
190719403800734	190719431049276	190719405301255
190719411906620	190719439682505	190719413612974
190719420454016	190719447963495	190719422155682
190719429132401	190719456468599	190719430853495
190719436758026	190719464923547	190719438472088
190719446088807	190719473605109	190719447796359
190719454303130	190719481856255	190719456286620
190719462969484	190719490270213	190719464773703
190719471437818	190719498750005	190719473213130
190719480248443	190719507399484	190719481988651
190719488800370	190719515655943	190719490562818
190719497386255	190719524101932	190719499103963
190719505300266	9223372036854775807	190719506666099


8333333
190719352981203	190719380293182	190719354682036
190719361461203	190719388756463	190719363219693
190719370009120	190719397216672	190719371726620
190719378140526	190719405671359	190719379773963
190719386687349	190719414131203	190719388408078
190719394991047	190719422617193	190719396815161
190719403800734	190719431049276	190719405301255
190719411906620	190719439682505	190719413612974
190719420454016	190719447963495	190719422155682
190719429132401	190719456468599	190719430853495
190719436758026	190719464923547	190719438472088
190719446088807	190719473605109	190719447796359
190719454303130	190719481856255	190719456286620
190719462969484	190719490270213	190719464773703
190719471437818	190719498750005	190719473213130
190719480248443	190719507399484	190719481988651
190719488800370	190719515655943	190719490562818
190719497386255	190719524101932	190719499103963
190719505300266	190719532563599	190719506666099
190719511452245	190719541047609	190719513330682
190719519823755	190719549484536	190719521625057
190719529877140	190719557945318	190719531239588
190719537245318	190719566401932	190719539115474
190719545526203	190719574861151	190719547255265
190719555649484	190719583322765	190719557367140
190719563956411	190719591784797	190719565654693
190719572481307	190719600238703	190719574188755
190719581056255	190719608701255	190719582814640
190719589677453	190719617165578	190719591466672
190719598002557	190719625656047	190719599854536
190719606410265	190719634095109	190719608256307
190719614884015	190719642586724	190719616680578
190719623106047	190719651059849	190719624862661
190719632547193	190719659470786	190719634293234
190719641632557	190719667924849	190719643373911
190719649539276	190719676412765	190719651157349
190719657470109	190719684838807	190719659251724
190719665488443	190719693295370	190719667224068
190719674084536	190719701875422	190719675869536
190719682865422	190719710220838	190719684608963
190719691162974	190719718681984	190719692813130
190719700116151	190719727127557	190719701789015
190719707725005	190719735597245	190719709436515
190719715979068	190719744112192	190719717725838
190719724491359	190719752515057	190719726098338
190719733129745	190719761015526	190719734835682
190719741843390	190719769467297	190719743577036
190719750057192	190719777899380	190719751768547
190719758758963	190719786364432	190719760350161
190719767242922	190719794813338	190719768940995
190719775814432	190719803272817	190719777550838
190719784351984	190719811810786	190719785974276
190719792854432	190719820190317	190719794620057
190719801058911	190719828685109	190719802780630
190719809774328	190719837139276	190719811461151
190719817941776	190719845575422	190719819625838
190719826360578	190719854073182	190719828225109
190719835051203	190719862530734	190719836774432
190719843777349	190719870987505	190719845591828
190719851883755	190719879422609	190719853676567
190719860529172	190719887876151	190719862076047
190719868901932	190719896332245	190719870661099
190719878170265	190719904821411	190719879234849
190719885693859	190719913258338	190719887397297
190719893955630	190719921717505	190719895679276
190719902965317	190719930177036	190719904964015
190719911004484	190719938701567	190719912742036
190719919500422	190719947131255	190719921148130
190719927953859	190719955594067	190719929658859
190719936578182	190719964058963	190719938333599
190719945256099	190719972509797	190719946980995
190719953402297	190719980970526	190719955165370
190719961784067	190719989423807	190719963529432
190719970187609	190719997934901	190719971661255
190719978621151	190720006379432	190719980234328
190719987415526	190720014849224	190719989218286
190719995548442	190720023290838	190719997565578
190720004962817	190720031739953	190720006086359
190720012661203	190720040231984	190720014431411
190720021249849	190720048731411	190720023016359
190720029897453	190720057119015	190720031630422
190720039176099	190720065566880	190720041086047
190720046632088	190720074034953	190720048395161
190720054833182	190720082538651	190720056965213
190720063357453	190720090952817	190720065136776
190720072726099	190720099538703	190720073924015
190720080593911	190720107870786	190720082209328
190720088866307	190720116343234	190720090658338
190720098293078	190720124793182	190720100136515
190720105899744	190720133450994	190720107683807
190720114741984	190720141716359	190720116632453
190720122717505	190720150174067	190720124507349
190720131929380	190720158637140	190720133708026
190720140368442	190720167105682	190720141904380
190720148279744	190720175653963	190720149996047
190720156874588	190720184185109	190720158772713
190720165053078	190720192479692	190720166932453
190720173957609	190720200928599	190720175709432
190720182004484	190720209446828	190720183802453
190720190203494	190720217876828	190720192128026
190720198750265	190720226303286	190720200766932
190720207275786	190720234748442	190720209062453
190720216216671	190720243236411	190720218052296
190720224913286	190720251670942	190720226653286
190720232993026	190720260186203	190720234640630
190720240984276	190720268674224	190720242711151
190720249782609	190720277085734	190720251407505
190720257765421	190720285553963	190720259544380
190720267160786	190720294199744	190720268940369
190720275226880	190720302517765	190720277015317
190720283885161	190720310939276	190720285796046
190720292731515	190720319392557	190720293832974
190720300924484	190720327862244	190720301978338
190720308837609	190720336330161	190720310609328
190720318278755	190720344779744	190720319362765
190720326424276	190720353253234	190720328334432
190720334982140	190720361736828	190720336726046
190720342843234	190720370197609	190720344646203
190720351745942	190720378608442	190720353440161
190720359563703	190720387118599	190720361250213
190720368669953	190720395551411	190720370383338
190720376464380	190720403989796	190720378268234
190720384672974	190720412412557	190720386434119
190720393649224	190720420897505	190720395455265
190720402461932	190720429345473	190720404473338
190720410511776	190720437856619	190720412228026
190720418124432	190720446383598	190720419539848


8333333
190720267160786	190720294199744	190720268940369
190720275226880	190720302517765	190720277015317
190720283885161	190720310939276	190720285796046
190720292731515	190720319392557	190720293832974
190720300924484	190720327862244	190720301978338
190720308837609	190720336330161	190720310609328
190720318278755	190720344779744	190720319362765
190720326424276	190720353253234	190720328334432
190720334982140	190720361736828	190720336726046
190720342843234	190720370197609	190720344646203
190720351745942	190720378608442	190720353440161
190720359563703	190720387118599	190720361250213
190720368669953	190720395551411	190720370383338
190720376464380	190720403989796	190720378268234
190720384672974	190720412412557	190720386434119
190720393649224	190720420897505	190720395455265
190720402461932	190720429345473	190720404473338
190720410511776	190720437856619	190720412228026
190720418124432	190720446383598	190720419539848
190720425679640	190720454729588	190720427039848
190720434838807	190720463176046	190720436502661
190720444212244	190720471674796	190720445579067
190720452915369	190720480192401	190720454680994
190720459853026	190720488577296	190720461582609
190720469490109	190720497078494	190720471237973
190720477732140	190720505481151	190720479438078
190720486366567	190720513934536	190720488335890
190720494601567	190720522398703	190720496370317
190720503274171	190720530860213	190720504985161
190720511558807	190720539309432	190720513284692
190720519906828	190720547767348	190720521635161
190720528570213	190720556300942	190720530302869
190720537250630	190720564699119	190720539005369
190720546136671	190720573158286	190720547902869
190720554701411	190720581616515	190720556381255
190720562568338	190720590076776	190720564396880
190720570753807	190720598607557	190720572506776
190720579677505	190720607013703	190720581428390
190720587853703	190720615473130	190720589615578
190720596396932	190720623949744	190720598632036
190720605074536	190720632405369	190720606615838
190720613358182	190720640826828	190720615019953
190720621893182	190720649336984	190720623615005
190720630201984	190720657740578	190720631962400
190720638701463	190720666243234	190720640486515
190720647274848	190720674698911	190720648965161
190720655406150	190720683143598	190720657204692
190720663848807	190720691597453	190720665560734
190720672665630	190720700080994	190720674426098
190720681352713	190720708532348	190720683082921
190720689558338	190720716932713	190720691316880
190720697775161	190720725388755	190720699524692
190720706335682	190720733973234	190720708139796
190720714686723	190720742392036	190720716415265
190720723233442	190720750779484	190720724977244
190720731559380	190720759223130	190720733282400
190720740563494	190720767676723	190720742285578
190720749341984	190720776161046	190720751005109
190720757752036	190720784638182	190720758908911
190720765583911	190720793072244	190720767260109
190720774682296	190720801519744	190720776417244
190720782464640	190720809980369	190720784252921
190720790683338	190720818441098	190720792457400
190720799532713	190720826895942	190720801308442
190720807637557	190720835355317	190720809380005
190720816325890	190720843811463	190720817954848
190720824620890	190720852274588	190720826372088
190720833395473	190720860739380	190720835157140
190720842003025	190720869200265	190720843688130
190720849879067	190720877655630	190720851646567
190720858589119	190720886118807	190720860226723
190720866952557	190720894597505	190720868721619
190720876116307	190720903052973	190720877101671
190720883700525	190720911515265	190720885444015
190720892529275	190720919981098	190720894274536
190720901314119	190720928437296	190720903132921
190720908670525	190720936894900	190720910460786
190720917776984	190720945392140	190720919590577
190720926029119	190720953819432	190720927850161
190720934978494	190720962270161	190720936732973
190720943601880	190720970738755	190720945624171
190720951672557	190720979197400	190720953435786
190720960044223	190720987662505	190720961776984
190720969069380	190720996122452	190720970864952
190720976998338	190721004597921	190720978758755
190720985991775	190721013045317	190720987842661
190720994170421	190721021499015	190720995971567
190721002760994	190721030278650	190721004633755
190721010782973	190721038459119	190721012592452
190721019263702	190721046920057	190721021013025
190721028332869	190721055540213	190721030153182
190721036563077	190721063801515	190721038352296
190721045105109	190721072291671	190721046292505
190721053317817	190721080727296	190721055122452
190721062097609	190721089191150	190721063974848
190721070753650	190721097650734	190721072644484
190721078768182	190721106257609	190721080532348
190721087244640	190721114576619	190721089045786
190721095488286	190721123033442	190721097317817
190721104155942	190721131539067	190721105855734
190721112423182	190721139993546	190721114237817
190721120982609	190721148474432	190721122810994
190721129999640	190721156882921	190721132106775
190721137932765	190721165321984	190721139740265
190721146680890	190721173790109	190721148463807
190721155095109	190721182247557	190721157233129
190721163419588	190721190709432	190721165235265
190721171660369	190721199207140	190721173494275
190721180716202	190721207626932	190721182453911
190721188920629	190721216199484	190721190803494
190721197486723	190721224585890	190721198632921
190721204681359	190721233007504	190721206491775
190721214013234	190721241460369	190721215854952
190721222395265	190721249932973	190721224547140
190721231158025	190721258402557	190721233049640
190721240464119	190721266834171	190721242124327
190721248559952	190721275296879	190721250278494
190721256407036	190721283760681	190721258584223
190721264924692	190721292211879	190721266727192
190721273575734	190721300671671	190721275502765
190721282080473	190721309196359	190721283949015
190721289994275	190721317603442	190721291810838
190721299125525	190721326125421	190721300916984
190721307148754	190721334540161	190721309003806
190721315600004	190721342992088	190721317980734
190721324409119	190721351482140	190721326224848
190721332915942	9223372036854775807	190721334634692


8333333
190721163419588	190721190709432	190721165235265
190721171660369	190721199207140	190721173494275
190721180716202	190721207626932	190721182453911
190721188920629	190721216199484	190721190803494
190721197486723	190721224585890	190721198632921
190721204681359	190721233007504	190721206491775
190721214013234	190721241460369	190721215854952
190721222395265	190721249932973	190721224547140
190721231158025	190721258402557	190721233049640
190721240464119	190721266834171	190721242124327
190721248559952	190721275296879	190721250278494
190721256407036	190721283760681	190721258584223
190721264924692	190721292211879	190721266727192
190721273575734	190721300671671	190721275502765
190721282080473	190721309196359	190721283949015
190721289994275	190721317603442	190721291810838
190721299125525	190721326125421	190721300916984
190721307148754	190721334540161	190721309003806
190721315600004	190721342992088	190721317980734
190721324409119	190721351482140	190721326224848
190721332915942	190721359871359	190721334634692
190721340890838	190721368346619	190721342638390
190721348423546	190721376800369	190721349775421
190721356663077	190721385276046	190721358416515
190721363794536	190721393722556	190721365705629
190721373578754	190721402178129	190721375343338
190721382620161	190721410636619	190721384443390
190721392133129	190721419095473	190721393069327
190721400309744	190721427550629	190721401992296
190721408473546	190721436029796	190721410251931
190721417170525	190721444471515	190721418980473
190721425776254	190721452930681	190721427431567
190721434388494	190721461387869	190721436205317
190721442545681	190721469895890	190721444348129
190721450520213	190721478349848	190721452281306
190721459222817	190721486767088	190721460936359
190721468143025	190721495241983	190721469864692
190721476316515	190721503685265	190721478050421
190721484926515	190721512328858	190721486694796
190721493394119	190721520644275	190721495265056
190721501852088	190721529077452	190721503620525
190721510231254	190721537568077	190721512025473
190721518486358	190721546023442	190721520237973
190721526976098	190721554535161	190721528857296
190721535533598	190721562922765	190721537319431
190721544839379	190721571363442	190721546555056
190721552807452	190721579821619	190721554596879
190721561136567	190721588318390	190721562893598
190721569604796	190721596767452	190721571386411
190721578004119	190721605206775	190721579766775
190721586154327	190721613670525	190721587832661
190721594780056	190721622134171	190721596555890
190721603205317	190721630588598	190721605018702
190721611612348	190721639055838	190721613386150
190721620120525	190721647522452	190721621868494
190721628607452	190721656281879	190721630360838
190721637167973	190721664699848	190721638930161
190721645842765	190721672897296	190721647688806
190721653960629	190721681355942	190721655884379
190721662329640	190721689820056	190721664333494
190721670849431	190721698322973	190721672587452
190721679243442	190721706805733	190721681016775
190721687803963	190721715205681	190721689572556
190721696506775	190721723661671	190721698268233
190721705129119	190721732108598	190721706884483
190721713498702	190721740617400	190721715356463
190721721716723	190721749076410	190721723512140
190721730098390	190721757535577	190721731880785
190721738633233	190721766168858	190721740399535
190721747048390	190721774464796	190721748808494
190721755436515	190721782883910	190721757240890
190721764057660	190721791339796	190721765773233
190721772634119	190721799787088	190721774392869
190721780673650	190721808428702	190721782454744
190721789452608	190721816890056	190721791225525
190721797843494	190721825210473	190721799621358
190721806413598	190721833632556	190721808424692
190721814214952	190721842095525	190721816560890
190721823157140	190721850546463	190721824983181
190721831829744	190721859137869	190721833568390
190721840438077	190721867551150	190721841878858
190721848494483	190721875977817	190721850250577
190721857068650	190721884449327	190721859311879
190721865820108	190721892842869	190721867539431
190721874198806	190721901297556	190721875980733
190721882455369	190721909764796	190721884642035
190721892428390	190721918259431	190721893430838
190721899411723	190721926721202	190721901340525
190721908775942	190721935281462	190721909968285
190721916267504	190721943664744	190721918034171
190721925308233	190721952052400	190721927065160
190721933945212	190721960549015	190721935828806
190721941893233	190721969024692	190721943743754
190721949516254	190721977435837	190721951336515
190721958713494	190721985889848	190721960612035
190721966916202	190721994345629	190721968710837
190721975317660	190722002805421	190721977222452
190721983830994	190722011317765	190721985669796
190721992999952	190722019773181	190721994807087
190722001202556	190722028242400	190722002975265
190722009292817	190722036641462	190722011116931
190722017863025	190722045166827	190722019665369
190722026301723	190722053629744	190722028152921
190722034986775	190722062007921	190722036827973
190722042928181	190722070524900	190722044759692
190722051836515	190722078984483	190722053527973
190722059913910	190722087432504	190722061751358
190722068659587	190722095875837	190722070468129
190722077302296	190722104336775	190722078969744
190722085456723	190722112858806	190722087252660
190722094072087	190722121274900	190722095998390
190722102906358	190722129687400	190722104798754
190722111069535	190722138154275	190722112974587
190722119183337	190722146603181	190722120993494
190722127631254	190722155067035	190722129450004
190722136712296	190722163519587	190722138538702
190722145236098	190722172091202	190722146951619
190722153568233	190722180564327	190722155466202
190722161933337	190722189060889	190722163702869
190722170158285	190722197449692	190722171938754
190722178949952	190722205833129	190722180196358
190722187158858	190722214351567	190722189181827
190722195469483	190722222748546	190722197256254
190722203892244	190722231206098	190722205865473
190722213416671	190722239663442	190722215063598
190722220829275	190722248169379	190722222588962
190722227954848	9223372036854775807	190722229376775


8333333
190722051836515	190722078984483	190722053527973
190722059913910	190722087432504	190722061751358
190722068659587	190722095875837	190722070468129
190722077302296	190722104336775	190722078969744
190722085456723	190722112858806	190722087252660
190722094072087	190722121274900	190722095998390
190722102906358	190722129687400	190722104798754
190722111069535	190722138154275	190722112974587
190722119183337	190722146603181	190722120993494
190722127631254	190722155067035	190722129450004
190722136712296	190722163519587	190722138538702
190722145236098	190722172091202	190722146951619
190722153568233	190722180564327	190722155466202
190722161933337	190722189060889	190722163702869
190722170158285	190722197449692	190722171938754
190722178949952	190722205833129	190722180196358
190722187158858	190722214351567	190722189181827
190722195469483	190722222748546	190722197256254
190722203892244	190722231206098	190722205865473
190722213416671	190722239663442	190722215063598
190722220829275	190722248169379	190722222588962
190722227954848	190722256598389	190722229376775
190722236150525	190722265055056	190722237955785
190722245780785	190722273509275	190722247535473
190722252634431	190722281980681	190722254169692
190722260892973	190722290402244	190722262676046
190722269150108	190722298864014	190722270970994
190722279240212	190722307325942	190722281093442
190722288409639	190722315779171	190722290062921
190722296767504	190722324272712	190722298376775
190722305041150	190722332734692	190722306919535
190722313678494	190722341177296	190722315403025
190722322554379	190722349628962	190722323669900
190722330526671	190722358085525	190722332270212
190722338943806	190722366546098	190722340725056
190722347433129	190722375053494	190722349316254
190722356041202	190722383475889	190722357756254
190722364566983	190722391925212	190722366315681
190722372888389	190722400390316	190722374662764
190722381514900	190722408848962	190722383444327
190722389633650	190722417373025	190722391347921
190722398654431	190722425795160	190722399748181
190722406562296	190722434223389	190722408326671
190722415087869	190722442685369	190722416812556
190722424390212	190722451148233	190722425975316
190722431921827	190722459742348	190722433559744
190722439976306	190722468061410	190722441738077
190722449050421	190722476567348	190722450923598
190722457629327	190722484978806	190722459390681
190722465711046	190722493434171	190722467489223
190722473639379	190722501925837	190722475393910
190722482636879	190722510394848	190722484332244
190722490950264	190722518820681	190722492732244
190722499705369	190722527274275	190722501529691
190722508323754	190722535783025	190722510079691
190722516733598	190722544221462	190722518459223
190722524880004	190722552687504	190722526605577
190722533633910	190722561145160	190722535123962
190722541737504	190722569602139	190722543489848
190722550087764	190722578059014	190722551843025
190722559347348	190722586485577	190722561098233
190722567475525	190722594943077	190722569189900
190722575773025	190722603396775	190722577518546
190722584411671	190722611853702	190722585957712
190722593175993	190722620312868	190722594920212
190722601302660	190722628774066	190722603054691
190722609339223	190722637226358	190722611061202
190722618453702	190722645690473	190722619581775
190722626331983	190722654252556	190722628155577
190722635057348	190722662612452	190722636804014
190722643308546	190722671064275	190722645007660
190722651863025	190722679531514	190722653610889
190722660355577	190722687988389	190722662048129
190722668894431	190722696455368	190722670624900
190722677272660	190722704903389	190722679045421
190722685365368	190722713365473	190722687101202
190722694910785	190722721824848	190722696109535
190722702611566	190722730282712	190722704406254
190722711050629	190722738742139	190722712702921
190722719571462	190722747197348	190722721298441
190722727916671	190722755663233	190722729630577
190722735988025	190722764098025	190722737698702
190722744274014	190722772588129	190722745897764
190722753224014	190722781038702	190722754985004
190722762004275	190722789499118	190722763753702
190722770100629	190722797956410	190722771827868
190722778966827	190722806423910	190722780656775
190722787200473	190722814884483	190722788923910
190722796098441	190722823342920	190722797736098
190722804144327	190722831838650	190722805791462
190722812735993	190722840279379	190722814421618
190722820858754	190722848756827	190722822583545
190722829606566	190722857217035	190722831343493
190722838037660	190722865669066	190722839770629
190722846489014	190722874139535	190722848271462
190722854888858	190722882598650	190722856611306
190722863391306	190722891052035	190722865129118
190722871912191	190722899486358	190722873646879
190722880390889	190722907947295	190722881905212
190722889244170	190722916404223	190722890933545
190722897378806	190722924889066	190722899123962
190722905922816	190722933322087	190722907627660
190722913881098	190722941781983	190722915631098
190722922542556	190722950304900	190722924169431
190722930910681	190722958699639	190722932625420
190722939517452	190722967163702	190722941269743
190722948270108	190722975652920	190722949858702
190722956531775	190722984156462	190722958207764
190722965489431	190722992596775	190722966676723
190722972831723	190723001027556	190722974690004
190722981559691	190723009487764	190722983270473
190722990281775	190723017915577	190722991968650
190722999127504	190723026374743	190723000319223
190723007329691	190723034829535	190723009087660
190723015457295	190723043296358	190723017174327
190723024526931	190723051786254	190723026268389
190723032566462	190723060237764	190723034223858
190723041003650	190723068661983	190723042731931
190723049734587	190723077192660	190723051481983
190723058509587	190723085603597	190723060300004
190723066213858	190723094065316	190723067961775
190723074943962	190723102752504	190723076778910
190723083870889	190723110974847	190723085519535
190723092303962	190723119412556	190723093968077
190723101692347	190723127873493	190723103202608
190723109176670	190723136592764	190723110887035
190723117353129	190723144880108	190723119185108


8333333
190722965489431	190722992596775	190722966676723
190722972831723	190723001027556	190722974690004
190722981559691	190723009487764	190722983270473
190722990281775	190723017915577	190722991968650
190722999127504	190723026374743	190723000319223
190723007329691	190723034829535	190723009087660
190723015457295	190723043296358	190723017174327
190723024526931	190723051786254	190723026268389
190723032566462	190723060237764	190723034223858
190723041003650	190723068661983	190723042731931
190723049734587	190723077192660	190723051481983
190723058509587	190723085603597	190723060300004
190723066213858	190723094065316	190723067961775
190723074943962	190723102752504	190723076778910
190723083870889	190723110974847	190723085519535
190723092303962	190723119412556	190723093968077
190723101692347	190723127873493	190723103202608
190723109176670	190723136592764	190723110887035
190723117353129	190723144880108	190723119185108
190723124991879	190723153309847	190723126735264
190723133831358	190723161743285	190723135573702
190723141071983	190723170210420	190723142488493
190723150278702	190723178670316	190723151686097
190723157453337	190723187129014	190723159240368
190723166719222	190723195563389	190723168482816
190723176320004	190723204085941	190723178067347
190723184993233	190723212483389	190723186725889
190723193451410	190723220931202	190723195314952
190723201839847	190723229405108	190723203536827
190723210453077	190723237849847	190723212177556
190723218687556	190723246306879	190723220447504
190723227309014	190723254769274	190723229035525
190723235669014	190723263220524	190723237391045
190723244094431	190723271681462	190723245779743
190723252579014	190723280213129	190723254206149
190723260558233	190723288676618	190723262296097
190723268985472	190723297064743	190723270730993
190723278000629	190723305534014	190723279664952
190723285783337	190723313993597	190723287529639
190723294779587	190723322442920	190723296626097
190723303263077	190723330902243	190723305003597
190723311679587	190723339395993	190723313307556
190723320372243	190723347859431	190723321931722
190723328648754	190723356314379	190723330378129
190723337225993	190723364771983	190723338988181
190723345665056	190723373234327	190723347453806
190723353974014	190723381674170	190723355164743
190723362047972	190723390119066	190723363719379
190723370802972	190723398571827	190723372529483
190723379198910	190723407033129	190723380918181
190723387823024	190723415489431	190723389545108
190723396612868	190723423942920	190723398355472
190723404827764	190723432504222	190723406534222
190723412842191	190723440898858	190723414635472
190723421078597	190723449326983	190723422768077
190723430222608	190723457774951	190723431884952
190723438535629	190723466234587	190723440307295
190723447016462	190723474691670	190723448755056
190723455170264	190723483164274	190723456921566
190723464410785	190723491606254	190723466135108
190723472453545	190723500073493	190723474193076
190723480712764	190723508588910	190723482465993
190723489465681	190723516984066	190723491201722
190723497796097	190723525436879	190723499538337
190723506528493	190723533896149	190723508247035
190723514784535	190723542353962	190723516517920
190723523328910	190723550808545	190723525052504
190723531243233	190723559257504	190723533006306
190723539415889	190723567729066	190723541243806
190723548673806	190723576245785	190723550446045
190723557454118	190723584640733	190723559214222
190723564815160	190723593101306	190723566613701
190723573529847	190723601561201	190723575271358
190723582470889	190723610017816	190723584322556
190723590979274	190723618477816	190723592746462
190723599237920	190723626937608	190723600996097
190723607824951	190723635392139	190723609593337
190723616397295	190723643847451	190723618187816
190723626089379	190723652328129	190723626698545
190723633347243	190723660763701	190723635062139
190723641308910	190723669221826	190723643062972
190723650590524	190723677679326	190723652380681
190723658590889	190723686177920	190723660360889
190723667127712	190723694670993	190723668901410
190723675533806	190723703085212	190723677312139
190723684089483	190723711566410	190723685828024
190723692742035	190723719999274	190723694255941
190723701144431	190723728464431	190723702887608
190723709613910	190723736979951	190723711387868
190723717946149	190723745358389	190723719717556
190723726435837	190723753803233	190723728297295
190723734820941	190723762259378	190723736613597
190723743392608	190723770720733	190723745183597
190723751753545	190723779175889	190723753527191
190723760179170	190723787712087	190723761839795
190723768682972	190723796103441	190723770449847
190723777261253	190723804551201	190723779038753
190723785557556	190723813275681	190723787337608
190723793897139	190723821471462	190723795664483
190723802522451	190723829933181	190723804294066
190723811032191	190723838435264	190723812813441
190723819551931	190723846911983	190723821319691
190723828559014	190723855314587	190723829644170
190723836364014	190723863829639	190723838102399
190723845793701	190723872315056	190723847105628
190723851535160	190723880746201	190723853484378
190723860262920	190723889167399	190723862111618
190723870245056	190723897612764	190723872080368
190723878829847	190723906076097	190723880589847
190723887131514	190723914576878	190723888984535
190723895760212	190723922977191	190723897484326
190723905026305	190723931444951	190723906255889
190723912612660	190723939989118	190723914458076
190723921183128	190723948443128	190723923071878
190723929445837	190723956834899	190723931250576
190723938140420	190723965363753	190723940200420
190723946801618	190723973756149	190723947967972
190723956181045	190723982194170	190723957257764
190723963497139	190723990649743	190723965293389
190723971864170	190723999145524	190723973744535
190723981183962	190724007612399	190723982402087
190723989045628	190724016156983	190723990815055
190723997473233	190724024870941	190723999435785
190724006031618	190724032935368	190724008644847
190724014476618	190724041397868	190724016287191
190724022555108	190724049861566	190724024911410
190724028943024	9223372036854775807	190724030711670


8333333
190723878829847	190723906076097	190723880589847
190723887131514	190723914576878	190723888984535
190723895760212	190723922977191	190723897484326
190723905026305	190723931444951	190723906255889
190723912612660	190723939989118	190723914458076
190723921183128	190723948443128	190723923071878
190723929445837	190723956834899	190723931250576
190723938140420	190723965363753	190723940200420
190723946801618	190723973756149	190723947967972
190723956181045	190723982194170	190723957257764
190723963497139	190723990649743	190723965293389
190723971864170	190723999145524	190723973744535
190723981183962	190724007612399	190723982402087
190723989045628	190724016156983	190723990815055
190723997473233	190724024870941	190723999435785
190724006031618	190724032935368	190724008644847
190724014476618	190724041397868	190724016287191
190724022555108	190724049861566	190724024911410
190724028943024	190724058343285	190724030711670
190724037347087	190724066848180	190724039148337
190724047422191	190724075221045	190724049216618
190724054013128	190724083682764	190724055820212
190724062795993	190724092145420	190724064603858
190724071123493	190724100612139	190724072944326
190724081524274	190724109343545	190724083157764
190724089748962	190724117522399	190724091443962
190724098259691	190724125982660	190724099982035
190724106676930	190724134445316	190724108382347
190724115303128	190724142893753	190724117045941
190724123637712	190724151379639	190724125408649
190724132243597	190724159854430	190724133917451
190724140677660	190724168302764	190724142386878
190724149165472	190724176738597	190724150883232
190724157408701	190724185197555	190724159128180
190724166056305	190724193658024	190724167808128
190724174168337	190724202116201	190724175913753
190724182956930	190724210580368	190724184675941
190724191325732	190724219057920	190724193058597
190724199990837	190724227542035	190724201727712
190724208870837	190724235986045	190724210625160
190724216835732	190724244534535	190724218567139
190724225252920	190724252908597	190724227109482
190724233881878	190724261339899	190724235614639
190724242229014	190724269802087	190724243940107
190724250720160	190724278258545	190724252461410
190724259124066	190724286721514	190724260758805
190724267815264	190724295204795	190724269447972
190724276906097	190724303676514	190724278080628
190724284831670	190724312124118	190724286551930
190724293187347	190724320588910	190724294934274
190724301538024	190724329032191	190724303310368
190724309833857	190724337482555	190724311551982
190724318112451	190724345943024	190724319836930
190724326652920	190724354398857	190724328369170
190724335195420	190724362863649	190724336930524
190724344402920	190724371321045	190724346097555
190724352371514	190724379780576	190724353992399
190724360545368	190724388250159	190724362219951
190724369198545	190724396700055	190724370746409
190724377553493	190724405167034	190724379266097
190724386020576	190724413656097	190724387728805
190724394610993	190724422118597	190724396294378
190724402967399	190724430568545	190724404639743
190724411592347	190724439141774	190724413328805
190724420767659	190724447463232	190724421729482
190724428399378	190724455920368	190724430121201
190724436813389	190724464418076	190724438614482
190724445439170	190724472859587	190724447195993
190724453832295	190724481308076	190724455591982
190724462138909	190724489775420	190724463865003
190724470529170	190724498235316	190724472295784
190724480438805	190724506726305	190724481438284
190724487533128	190724515182243	190724489271878
190724495407503	190724523653284	190724497150368
190724504624118	190724532180837	190724506417764
190724513181305	190724540794639	190724514888128
190724521790784	190724549045732	190724523490889
190724529914951	190724557517399	190724531707347
190724538752191	190724565993076	190724540509274
190724547017139	190724574571930	190724548800368
190724555987920	190724582842711	190724557750628
190724563716982	190724591390784	190724565476461
190724572151149	190724599765107	190724573868284
190724580961774	190724608385420	190724582782816
190724589218232	190724616706045	190724590999639
190724597147399	190724625146514	190724599125159
190724606304378	190724633622034	190724608202139
190724614902295	190724642067607	190724616645264
190724622845055	190724650562816	190724624674170
190724631479482	190724659076409	190724633380159
190724640589430	190724667582034	190724642345576
190724649544534	190724675881409	190724651260576
190724657478649	190724684352659	190724659201097
190724665403909	190724692816045	190724667253857
190724674061045	190724701270680	190724675809014
190724682296357	190724709731566	190724684229639
190724690674482	190724718268597	190724692416357
190724699069326	190724726731514	190724701034691
190724707876253	190724735141305	190724709647607
190724716488857	190724743615993	190724718177920
190724724996878	190724752191149	190724726823336
190724733358649	190724760495211	190724735084274
190724742179899	190724768956566	190724743934899
190724750487086	190724777415263	190724751937295
190724758222711	190724786025159	190724759995316
190724767375472	190724794420993	190724769168128
190724775240784	190724802834066	190724777044482
190724783468857	190724811427503	190724785244430
190724792669586	190724819782138	190724794489170
190724800833128	190724828238753	190724802617659
190724809703076	190724836644951	190724811525784
190724818064430	190724845098701	190724819877086
190724827392659	190724853546461	190724828646045
190724834661149	190724862012868	190724836490993
190724843272034	190724870472295	190724844962868
190724851386097	190724878961513	190724853109066
190724860184326	190724887420680	190724861945159
190724868843649	190724895876357	190724870716149
190724877052972	190724904351774	190724878809013
190724885488909	190724912764847	190724887267034
190724894271826	190724921218024	190724896270316
190724902200524	190724929656722	190724903941045
190724911135524	190724938196409	190724912971670
190724919864118	190724946597920	190724921502399
190724927858753	190724955036774	190724929550732
190724937913128	190724963496670	190724937476774
190724942399586	190724972075055	190724944281774


8333333
190724783468857	190724811427503	190724785244430
190724792669586	190724819782138	190724794489170
190724800833128	190724828238753	190724802617659
190724809703076	190724836644951	190724811525784
190724818064430	190724845098701	190724819877086
190724827392659	190724853546461	190724828646045
190724834661149	190724862012868	190724836490993
190724843272034	190724870472295	190724844962868
190724851386097	190724878961513	190724853109066
190724860184326	190724887420680	190724861945159
190724868843649	190724895876357	190724870716149
190724877052972	190724904351774	190724878809013
190724885488909	190724912764847	190724887267034
190724894271826	190724921218024	190724896270316
190724902200524	190724929656722	190724903941045
190724911135524	190724938196409	190724912971670
190724919864118	190724946597920	190724921502399
190724927858753	190724955036774	190724929550732
190724937913128	190724963496670	190724937476774
190724942399586	190724972075055	190724944281774
190724950882868	190724980439691	190724952666930
190724960941357	190724988880315	190724962647816
190724969969586	190724997345940	190724971401982
190724977691201	190725005798597	190724979462711
190724985335107	190725014254274	190724987071670
190724994511409	190725022720576	190724996284847
190725003576409	190725031181253	190725005283284
190725012169326	190725039629847	190725013825836
190725020442763	190725048113909	190725022135107
190725028845368	190725056553493	190725030554638
190725037061409	190725065013440	190725038780993
190725045721618	190725073504638	190725047435836
190725054102086	190725081921461	190725055802920
190725062556982	190725090385784	190725064324326
190725071037920	190725098845211	190725072792972
190725079599430	190725107452347	190725081179118
190725088329378	190725115752972	190725089882868
190725096835940	190725124253753	190725098623128
190725104952815	190725132680732	190725106650159
190725113616409	190725141134065	190725115351409
190725121980993	190725149595732	190725123656982
190725130540368	190725158054118	190725132301722
190725139535524	190725166515315	190725140636618
190725147232972	190725174970368	190725148957243
190725155880003	190725183460888	190725157631149
190725164124222	190725191927659	190725165984534
190725172813753	190725200359170	190725174432034
190725181475003	190725208811565	190725183223545
190725189695159	190725217270055	190725191439430
190725198155159	190725225735992	190725199968440
190725206580888	190725234198597	190725208336565
190725215424482	190725242646670	190725217149013
190725223460159	190725251135472	190725225212659
190725231818805	190725259597867	190725233808753
190725240550888	190725268058024	190725242306617
190725249656149	190725276522451	190725250767242
190725257315420	190725284969065	190725259048805
190725266280159	190725293398336	190725267387763
190725274637503	190725301898076	190725276340420
190725282544274	190725310310628	190725284264274
190725291212555	190725318768805	190725292904274
190725299800940	190725327233388	190725301551774
190725308461930	190725335690524	190725309911930
190725317239430	190725344202347	190725318301774
190725325013232	190725352608180	190725326641826
190725333673597	190725361098961	190725335431826
190725342104170	190725369563180	190725343851461
190725351414951	190725378023232	190725352164274
190725358984430	190725386444690	190725360706253
190725367290680	190725394910732	190725369026930
190725376476253	190725403368961	190725377459065
190725384114638	190725411819534	190725385756357
190725392865680	190725420281826	190725394624117
190725401087815	190725428742555	190725402822711
190725409995263	190725437198180	190725411714690
190725417980524	190725445660055	190725419716253
190725426614951	190725454123597	190725428370524
190725435133961	190725462640784	190725436866617
190725443690003	190725471046305	190725445433544
190725451868180	190725479495836	190725453553336
190725461118388	190725487952034	190725462216878
190725469162034	190725496415888	190725471226930
190725477332555	190725504880159	190725479059378
190725485818440	190725513335315	190725487564899
190725494232555	190725521791201	190725495948805
190725502643180	190725530301878	190725504404430
190725511041253	190725538716826	190725512785784
190725519750576	190725547165680	190725521511982
190725528568961	190725555626097	190725530363232
190725536451201	190725564110992	190725538204794
190725545189378	190725572553753	190725546931357
190725553551513	190725581009326	190725555233701
190725561822190	190725589471617	190725563532607
190725570222190	190725597930732	190725571850003
190725578584534	190725606383753	190725580354951
190725587380055	190725614842503	190725589136149
190725595739638	190725623300888	190725597484794
190725604481669	190725631805263	190725606223336
190725612816097	190725640286617	190725614581253
190725620815159	190725648748753	190725622554690
190725629021201	190725657229117	190725630775055
190725638037555	190725665623388	190725639730107
190725646454274	190725674075524	190725648348024
190725654975003	190725682639221	190725656763805
190725663103232	190725691042971	190725664946461
190725671874274	190725699468805	190725673667607
190725680326669	190725707963805	190725682053701
190725688890367	190725716469326	190725690694899
190725698242919	190725724829274	190725699397555
190725705819013	190725733288024	190725707623336
190725715090159	190725741794482	190725716856669
190725724252086	190725750213180	190725725322607
190725730956201	190725758671669	190725732701409
190725740270107	190725767131826	190725741968388
190725748308440	190725775667555	190725750098440
190725757316513	190725784198128	190725759074169
190725765716826	190725792608284	190725767477451
190725772908805	190725800971305	190725774676878
190725782227451	190725809429274	190725783836305
190725790144013	190725818048909	190725791921513
190725799052503	190725826341149	190725800843180
190725807639274	190725834821617	190725809537971
190725815965784	190725843258961	190725817790107
190725824685367	190725851732659	190725826538128
190725832926617	190725860158492	190725834747607
190725841778388	190725868618648	190725843492711
190725849481096	9223372036854775807	190725851095315


8333333
190725688890367	190725716469326	190725690694899
190725698242919	190725724829274	190725699397555
190725705819013	190725733288024	190725707623336
190725715090159	190725741794482	190725716856669
190725724252086	190725750213180	190725725322607
190725730956201	190725758671669	190725732701409
190725740270107	190725767131826	190725741968388
190725748308440	190725775667555	190725750098440
190725757316513	190725784198128	190725759074169
190725765716826	190725792608284	190725767477451
190725772908805	190725800971305	190725774676878
190725782227451	190725809429274	190725783836305
190725790144013	190725818048909	190725791921513
190725799052503	190725826341149	190725800843180
190725807639274	190725834821617	190725809537971
190725815965784	190725843258961	190725817790107
190725824685367	190725851732659	190725826538128
190725832926617	190725860158492	190725834747607
190725841778388	190725868618648	190725843492711
190725849481096	190725877083336	190725851095315
190725858221357	190725885611878	190725859939742
190725866191930	190725894012607	190725867531669
190725872826357	190725902495576	190725874660836
190725881284534	190725910930576	190725883022659
190725891287086	190725919385784	190725892958336
190725900094482	190725927846773	190725901741513
190725908629638	190725936309898	190725910317971
190725917160107	190725944807294	190725918840055
190725925288023	190725953219898	190725926999690
190725934053388	190725961681773	190725935794221
190725942211982	190725970135471	190725943942867
190725950631305	190725978608961	190725952363909
190725959026513	190725987059378	190725960755419
190725967630836	190725995515003	190725969336096
190725976137815	190726003973857	190725977742451
190725984781253	190726012474221	190725986505211
190725993326669	190726020896305	190725995040523
190726001536878	190726029352190	190726003262451
190726010918284	190726037853336	190726012085367
190726018517971	190726046281617	190726020244690
190726027120471	190726054739638	190726028849326
190726035880315	190726063200836	190726037531409
190726044149586	190726071668076	190726045814794
190726052694065	190726080193648	190726054454482
190726062113440	190726088589169	190726063865107
190726069367607	190726097073284	190726071134430
190726078070940	190726105494794	190726079723128
190726086253805	190726113953492	190726087956565
190726094833961	190726122453857	190726096593284
190726103382763	190726130870419	190726104867190
190726111636096	190726139335940	190726113300419
190726119870263	190726147794065	190726121684586
190726129124221	190726156251305	190726130802450
190726137045732	190726164784221	190726138784013
190726145702555	190726173212138	190726147371878
190726154033648	190726181636669	190726155698596
190726162478232	190726190121148	190726164133805
190726171034742	190726198582607	190726172790367
190726179425888	190726207049742	190726181098440
190726187711096	190726215598023	190726189480836
190726196138805	190726223952450	190726197795003
190726204918128	190726232404117	190726206552294
190726213261409	190726240861357	190726215005471
190726221656357	190726249322034	190726223367919
190726230067346	190726257787294	190726231741617
190726238496617	190726266240680	190726240353961
190726247309013	190726274697190	190726249055471
190726255508440	190726283163909	190726257280575
190726264244846	190726291631253	190726265742919
190726272702086	190726300186357	190726274452190
190726280906148	190726308567398	190726282659482
190726289396773	190726317001825	190726291229482
190726297756877	190726325529586	190726299426877
190726306308648	190726333980367	190726308187659
190726314621096	190726342405784	190726316244065
190726323148284	190726350857763	190726324869690
190726331985159	190726359376617	190726333789325
190726340668961	190726367776148	190726342281982
190726348763909	190726376257711	190726350544273
190726357260159	190726384736721	190726359228232
190726365580627	190726393157815	190726367360836
190726374692502	190726401633805	190726376483752
190726382461930	190726410075888	190726384456461
190726390980263	190726418545315	190726392768232
190726399871148	190726427004586	190726401574846
190726408888336	190726435469430	190726409987815
190726416927555	190726443929638	190726418762034
190726424980732	190726452445940	190726426875523
190726434362086	190726460854950	190726436251461
190726442671617	190726469295211	190726444208700
190726450590627	190726477781096	190726452700575
190726459553388	190726486260575	190726461346565
190726468035419	190726494697763	190726469759950
190726476065575	190726503150315	190726477871305
190726484303544	190726511610263	190726485977867
190726492862919	190726520226929	190726494912398
190726501698961	190726528515002	190726503473232
190726510336148	190726536990679	190726512266357
190726518250054	190726545453857	190726520463336
190726526717659	190726553908648	190726528544534
190726535186409	190726562419065	190726537115263
190726543545575	190726570905523	190726545347450
190726551916825	190726579366982	190726553736461
190726560575471	190726587791096	190726562328909
190726569162971	190726596212659	190726571016982
190726577693023	190726604686617	190726579490211
190726585681461	190726613168492	190726587505419
190726594645054	190726621615523	190726596449638
190726602949377	190726630072502	190726604883127
190726611803232	190726638566200	190726613012971
190726619624690	190726647025940	190726621498804
190726628619117	190726655476357	190726630370784
190726637157659	190726663906721	190726638930419
190726645169482	190726672372659	190726646961982
190726653508336	190726680821200	190726655281357
190726661318179	190726689282554	190726663147502
190726670594898	190726697744377	190726672559221
190726678387919	190726706205367	190726680359221
190726687455054	190726714675367	190726689409586
190726695691044	190726723158179	190726697468440
190726704171357	190726731573440	190726705914325
190726713000940	190726740055888	190726714737450
190726721086825	190726748574065	190726723039325
190726730421200	190726757056252	190726731691044
190726738228648	190726765403284	190726739970523
190726746351929	190726773856513	190726747825784
190726753624638	9223372036854775807	190726755442606


8333333
190726560575471	190726587791096	190726562328909
190726569162971	190726596212659	190726571016982
190726577693023	190726604686617	190726579490211
190726585681461	190726613168492	190726587505419
190726594645054	190726621615523	190726596449638
190726602949377	190726630072502	190726604883127
190726611803232	190726638566200	190726613012971
190726619624690	190726647025940	190726621498804
190726628619117	190726655476357	190726630370784
190726637157659	190726663906721	190726638930419
190726645169482	190726672372659	190726646961982
190726653508336	190726680821200	190726655281357
190726661318179	190726689282554	190726663147502
190726670594898	190726697744377	190726672559221
190726678387919	190726706205367	190726680359221
190726687455054	190726714675367	190726689409586
190726695691044	190726723158179	190726697468440
190726704171357	190726731573440	190726705914325
190726713000940	190726740055888	190726714737450
190726721086825	190726748574065	190726723039325
190726730421200	190726757056252	190726731691044
190726738228648	190726765403284	190726739970523
190726746351929	190726773856513	190726747825784
190726753624638	190726782318804	190726755442606
190726761447971	190726790786461	190726763207086
190726771042190	190726799241981	190726772756304
190726779429273	190726807706200	190726781228127
190726787282398	190726816238075	190726789095575
190726795231252	190726824891565	190726797036200
190726804430211	190726833102971	190726806191825
190726813885679	190726841539534	190726815679273
190726822288440	190726849999377	190726824181617
190726830776304	190726858552554	190726832592294
190726839736721	190726866921409	190726841247450
190726847728700	190726875377398	190726849500523
190726856396617	190726883839273	190726858142502
190726864857815	190726892369950	190726866608492
190726873118909	190726900758961	190726874855263
190726881609690	190726909216565	190726883347138
190726889999586	190726917679481	190726891723752
190726898635159	190726926137034	190726900466148
190726907041148	190726934586565	190726908631825
190726915246148	190726943052398	190726917062815
190726923977190	190726951585731	190726925705211
190726932394846	190726960051408	190726934061617
190726940994794	190726968464377	190726942683961
190726949435836	190726976900106	190726951174846
190726957741565	190726985355263	190726959471877
190726966322033	190726993820367	190726967940315
190726974633283	190727002338023	190726976291981
190726982994586	190727010738961	190726984716721
190726991558388	190727019195992	190726993310731
190727000310419	190727027654950	190727001961200
190727008461304	190727036163336	190727010256148
190727017018856	190727044599481	190727018707242
190727025577711	190727053059481	190727027325315
190727033613127	190727061517658	190727035341929
190727042348023	190727069987867	190727044145315
190727050900679	190727078440419	190727052680679
190727059465315	190727086863440	190727061233075
190727067563544	190727095337815	190727069222711
190727076247086	190727103866252	190727077971408
190727085071617	190727112250419	190727086703752
190727093563856	190727120706044	190727095291513
190727101630836	190727129166252	190727103374846
190727109966513	190727137623179	190727111680679
190727118872502	190727146084690	190727120545575
190727126887242	190727154571252	190727128609325
190727135714690	190727163027346	190727137393544
190727143794169	190727171449585	190727145520940
190727152271721	190727179903544	190727153863908
190727161117815	190727188366981	190727162848440
190727169336825	190727196827033	190727171088075
190727177874533	190727205285731	190727179577971
190727186643231	190727213772242	190727188466825
190727194685210	190727222205158	190727196385835
190727202997919	190727230666981	190727204745367
190727211478283	190727239114429	190727213198804
190727219925679	190727247592867	190727221650575
190727228527190	190727256052294	190727230244065
190727236965731	190727264549013	190727238696096
190727245283752	190727273073283	190727247101044
190727253704950	190727281496356	190727255470835
190727262791773	190727289882710	190727264314846
190727270665783	190727298395627	190727272641513
190727279326929	190727306800888	190727281090523
190727287762190	190727315248960	190727289534013
190727296636148	190727323699638	190727298355210
190727305239169	190727332310783	190727306992710
190727312956460	190727340626669	190727314760940
190727321998231	190727349110263	190727323754690
190727330661721	190727357531669	190727332419065
190727338483127	190727366003752	190727340320523
190727347157242	190727374453075	190727349172815
190727355559273	190727382930835	190727357325419
190727364196721	190727391365262	190727365938231
190727372453440	190727399868856	190727374224429
190727380771148	190727408412085	190727382788388
190727389517658	190727417022085	190727391192502
190727398070575	190727425244065	190727399828596
190727406122137	190727433671408	190727407908283
190727413966148	190727442159481	190727415742085
190727423010419	190727450585471	190727424806617
190727431805783	190727459016669	190727433590523
190727439918960	190727467487762	190727441628023
190727449115575	190727475957971	190727450934846
190727457427554	190727484462242	190727459204169
190727465588283	190727492865575	190727467339533
190727474527971	190727501312294	190727476305158
190727482422190	190727509785835	190727484581408
190727491102242	190727518228648	190727492924273
190727499383387	190727526712606	190727500876721
190727507538544	190727535200627	190727509327137
190727516520627	190727543650887	190727517933804
190727525876356	190727552260054	190727527099794
190727533167033	190727560516200	190727534906565
190727541569950	190727568968075	190727543385992
190727549997190	190727577448596	190727551778231
190727558501825	190727585908804	190727560394065
190727567873856	190727594367033	190727569558179
190727575535471	190727602822971	190727577249533
190727583573075	190727611326825	190727585363283
190727590648960	190727619746669	190727592453908
190727598472710	190727628174064	190727600319950
190727608186252	190727636668179	190727609873127
190727616177085	190727645082242	190727617156981
190727624641825	190727653551564	190727626396252


8333333

8333333

8333333

8333333

8333333

8333333

8333333

8333333

8333333
